amplicon,pool,forward,reverse,volume,well,gene,start,end,gene_length,amplicon_length,amplicon_pct,plate,row,col
gene_25438,A,AGCACGATAACGGAAGAGTAGT,AGGACTAGGAGGGAACAGCC,1,UNK,gene_25438,1,1981,1981,1981,100.0,1,A,1
gene_4126,A,GAGATGGATCCAATGGAACCTTG,TGCAAGTCAGACTGAACCTCA,1,UNK,gene_4126,1,1974,1974,1974,100.0,1,A,1
gene_21918,A,ACCTGTCACTGTGTCCATTTAAA,TACGCGTCGTTTGAGTGGAA,1,UNK,gene_21918,1,1965,1965,1965,100.0,1,A,1
gene_16028,A,TGCTTTGGTCAAGAAAAAGGGA,TTTGTCCGGGTTGTGAGATT,1,UNK,gene_16028,1,1954,1954,1954,100.0,1,A,1
gene_15264,A,CGCTTTTTTCTCGAGGTGGG,GGATTGACCCAAGTGAGTGG,1,UNK,gene_15264,1,1940,1940,1940,100.0,1,A,1
gene_23804,A,CCTCCGAAGACAAACAAAGCA,CCCTCTCTTTCTCTGTGTCCC,1,UNK,gene_23804,1,1928,1928,1928,100.0,1,A,1
gene_13159,A,TGGCATACAATGATGACCTCAT,CCCAGATCAGCCAGAATATTCT,1,UNK,gene_13159,1,1819,1819,1819,100.0,1,A,1
gene_5202,A,TCCAATAATTCTCCGGTGGTG,CCTGTGGATCAGTTGAGCAAC,1,UNK,gene_5202,1,1860,1860,1860,100.0,1,A,1
gene_29670,A,TGTCGTATGTGGGGGTCCAT,AGTGATCTCCGCCAAAACTT,1,UNK,gene_29670,1,1870,1870,1870,100.0,1,A,1
gene_3677,A,GACGGGAGGAGTCTTCAATGA,GGTCAAGTATCTGGACGACGA,1,UNK,gene_3677,1,1844,1844,1844,100.0,1,A,1
gene_27986,A,AGCGCCATCTGGGATCTTCC,CCGGAAAAGGGAGAACGTGA,1,UNK,gene_27986,1,1825,1825,1825,100.0,1,A,1
gene_9077,A,CTCAGCAGTCCTGGTCTCATG,GCAATCCTTGTCTCTTGCAGT,1,UNK,gene_9077,1,1796,1796,1796,100.0,1,A,1
gene_14417,A,TGACCCTCATAGCTGTGCTTTT,CCGAGTGGGTTGAGTATATGCA,1,UNK,gene_14417,1,1781,1781,1781,100.0,1,A,1
gene_8103,A,TGTTGTGGACATCAAGAGACA,ATCAAAACTGGGAGGCTCC,1,UNK,gene_8103,1,1744,1744,1744,100.0,1,A,1
gene_14641,A,GTTGTTAAAATCGGAATCGGGT,CACAGTGGCTGGGTTGTGAT,1,UNK,gene_14641,1,1739,1739,1739,100.0,1,A,1
gene_29970,A,GCAGAGGGGGATAGGTGTTTT,CACGTCCTGGCATCCTAGAT,1,UNK,gene_29970,1,1737,1737,1737,100.0,1,A,1
gene_10658,A,GGAAGGAAGGAAGAAAAAAGCTGT,CGATCTCTCGCCATGCTTCA,1,UNK,gene_10658,1,1686,1686,1686,100.0,1,A,1
gene_3695,A,AACGTGGAAATCTCAGAGGAAT,CAAAGCACGCAAGCTCTGTG,1,UNK,gene_3695,1,1585,1585,1585,100.0,1,A,1
gene_24108,A,ACCGACAACTAATAGGCCAAGT,AGAAAGAGGGAGAGGGACAG,1,UNK,gene_24108,1,1688,1688,1688,100.0,1,A,1
gene_24912,A,CCCTGCCCAATAAACACCCTA,ACTGGAGGCCGAGTTGTG,1,UNK,gene_24912,1,1655,1655,1655,100.0,1,A,1
gene_8674,A,CGAGCTAAACATGTGCGCAG,AGAAGAAAAAACGAAGGTGGGA,1,UNK,gene_8674,1,1668,1668,1668,100.0,1,A,1
gene_25189,A,GTGATGATGATGACAGTCAGGATCA,CCAACCCAACCTGATACGAA,1,UNK,gene_25189,1,1645,1645,1645,100.0,1,A,1
gene_25450,A,TTTGTGTGGATGTGCGATGC,AGCTCCTGAACGAACCTCAG,1,UNK,gene_25450,1,1649,1649,1649,100.0,1,A,1
gene_30087,A,GCTCAGTGCTGAATTTGAAATACA,TGGAGTGGAGTGGAGTGGG,1,UNK,gene_30087,1,1618,1618,1618,100.0,1,A,1
gene_24243,A,TTTCAAGTGGAATGGTCTGGC,CGCACATACCGTTGGGAAAG,1,UNK,gene_24243,1,1617,1617,1617,100.0,1,A,1
gene_21994,A,CATGACATGCTCACAGGTGC,GCCAAAGGAATGTGGTTTTCC,1,UNK,gene_21994,1,1600,1600,1600,100.0,1,A,1
gene_10819,A,ACTCAAAGTGAACCCGGGA,AGGCGGATCGGGGTTTAAAT,1,UNK,gene_10819,1,1588,1588,1588,100.0,1,A,1
gene_17526,A,CATGTGCCCAAAACTGATCCA,TAGTGCGATTGTGGCCCTTG,1,UNK,gene_17526,1,1571,1571,1571,100.0,1,A,1
gene_16487,A,CGTGATTCTTGGAGCCCATCTC,CGATGATCATCTAGGAGTGACCT,1,UNK,gene_16487,1,1538,1538,1538,100.0,1,A,1
gene_20860,A,GTATGATCACCTCCCTTTCACC,GCTTGTGCTGCAACATGGT,1,UNK,gene_20860,1,1557,1557,1557,100.0,1,A,1
gene_12076,A,AGAAGGCCGTTATAAGTCGTT,GCGCGACCGGAACATCTATC,1,UNK,gene_12076,1,1549,1549,1549,100.0,1,A,1
gene_6038,A,TATCTTCCGTTTTCTCCCCCC,TGGGGAAGAAGAAGAAGATTCCA,1,UNK,gene_6038,1,1544,1544,1544,100.0,1,A,1
gene_27070,A,TTCTTCATCGCCCCCCGTA,GCAATTTCAAGTGGGCTCTCG,1,UNK,gene_27070,1,1527,1527,1527,100.0,1,A,1
gene_3548,A,TCATCCGGCATTTTTTGGAGA,GGGGGCACACCATACTCAAT,1,UNK,gene_3548,1,1453,1453,1453,100.0,1,A,1
gene_3015,A,GCCCCACTCTCTGAGTTTGAT,ACACTCTCCGCAGCTCAG,1,UNK,gene_3015,1,1439,1439,1439,100.0,1,A,1
gene_158,A,CCCTTGTGAGGATGTGGGAT,ACTTGACCGCATCTCGAACT,1,UNK,gene_158,1,1444,1444,1444,100.0,1,A,1
gene_27939,A,TCGTACCTTTTTTGTCGCGT,GAGTAGTTGGCTCTGGTCCG,1,UNK,gene_27939,1,1433,1433,1433,100.0,1,A,1
gene_14296,A,GTCCGACTTTCTCGATCAGGA,TCGAGCCCGGTGCAAATAAA,1,UNK,gene_14296,1,1427,1427,1427,100.0,1,A,1
gene_8755,A,AACCGGAAGAAAGAAGAAAGGAT,CACCGAACCCAATCTCACCA,1,UNK,gene_8755,1,1416,1416,1416,100.0,1,A,1
gene_1602,A,CATTTCGTGTCGGGGTTGGT,TGGTCAACCAAGCAGAAGTGT,1,UNK,gene_1602,1,1396,1396,1396,100.0,1,A,1
gene_9785,A,CCAAGGATGAAGGAAGGAAGTCA,CCATCAACAAGAGCAGGCTG,1,UNK,gene_9785,1,1318,1318,1318,100.0,1,A,1
gene_9782,A,TTCCACTGAAAGGAATGTCCGT,GTCTGTGCAAGGCAGGGAA,1,UNK,gene_9782,1,1306,1306,1306,100.0,1,A,1
gene_27271,A,TCTCATGAGAGCCGAGAGTT,CGTGAAGCGAGCTTGACTTT,1,UNK,gene_27271,1,1301,1301,1301,100.0,1,A,1
gene_16646,A,TGATATTTTGTGGGTGGCTTCG,TACATCGCCGTCTCCAGGT,1,UNK,gene_16646,1,1281,1281,1281,100.0,1,A,1
gene_15160,A,CATCTTCCTCTTGGGTGTGG,TTACAGGAGGATGCAGCCAG,1,UNK,gene_15160,1,1252,1252,1252,100.0,1,A,1
gene_6480,A,ACGAGTGTTGAGTGTTGATGGG,TGTGTGTGAGGGTTAGAATGTGT,1,UNK,gene_6480,1,1142,1142,1142,100.0,1,A,1
gene_16481,A,GGGACGAAAGCGGAAGAAAG,AGGAAAACACAAGTTCGGGA,1,UNK,gene_16481,1,1128,1128,1128,100.0,1,A,1
gene_28288,A,CGCCAGGAAAACACAAGTTC,GGGACGAAAGCGGAAGAAAG,1,UNK,gene_28288,1,1128,1128,1128,100.0,1,A,1
gene_11619,A,ACGTCACTGATCGATCATCTGA,AGAAGAAAGAGGTGCAAGCA,1,UNK,gene_11619,1,1114,1114,1114,100.0,1,A,1
gene_1119,A,ATGTTTGAGCGGAATGTGGA,AAGGGTTTGCTGGGAGGT,1,UNK,gene_1119,1,1911,1911,1911,100.0,1,A,1
gene_1322,A,CCCCGGGCTGGAATTCTTTA,GTGAGTGGTGATGGGAGAAGAA,1,UNK,gene_1322,1,1454,1454,1454,100.0,1,A,1
gene_1414,A,ATCGTGAGCCCTTCTTGTGG,CACTGCCTCTGCGAATGA,1,UNK,gene_1414,1,1295,1295,1295,100.0,1,A,1
gene_19084,A,CCTTGTTGAACATGTGACAGGT,CTACGTCTGTCGAGCGCATT,1,UNK,gene_19084,1,1327,1327,1327,100.0,1,A,1
gene_24256,A,GTGTTCTCGATTCCCCTGGG,CAAGTACCCCAAACAAAAAACACAA,1,UNK,gene_24256,1,1352,1352,1352,100.0,1,A,1
gene_24399,A,GCGCTGGTCACCTCCTTATA,CCCCTGTAGATGCTCTGAGCT,1,UNK,gene_24399,1,1512,1512,1512,100.0,1,A,1
gene_25442,A,ACAGACCCGATCTTTGAGACT,TATCCTGCAGGCTGAGTCCA,1,UNK,gene_25442,1,1922,1922,1922,100.0,1,A,1
gene_25475,A,TGAACGATACCGCACTAGAACA,TCTGGATGCTCAGGAAACCC,1,UNK,gene_25475,1,1297,1297,1297,100.0,1,A,1
gene_30086,A,AACCCACAAGGAAGCTTCGG,ACAACTGCACAGCAAACTATGT,1,UNK,gene_30086,1,1585,1585,1585,100.0,1,A,1
gene_6280,A,TTCCCAACCACACAGAAGAC,GGTGGTTCTGGTCAATAAATGCA,1,UNK,gene_6280,1,1827,1827,1827,100.0,1,A,1
gene_760,A,ATTTGTTTGCTTTTGCCGTTC,TTTACAACTCGCCCCATCTCC,1,UNK,gene_760,1,1386,1386,1386,100.0,1,A,1
gene_7628,A,GGCGTTTATGTTTGCAGGTT,GGTCGACATAAGACGGGGTAA,1,UNK,gene_7628,1,1730,1730,1730,100.0,1,A,1
gene_7639,A,GTCATGCAGGACAGTCCCC,TGTCCTTCTTCTGTTGTTAGTCA,1,UNK,gene_7639,1,1824,1824,1824,100.0,1,A,1
gene_9724,A,GCGGATGTGAGATCGCTTCA,AACAGCTGACAAGTCTGAGC,1,UNK,gene_9724,1,1799,1799,1799,100.0,1,A,1
gene_2088,A,AGGATGTTCCCATGCCAAGG,GACCAAGGTTGAGCTTGTATCT,1,UNK,gene_2088,1,1644,1644,1644,100.0,1,A,1
gene_1126,A,ACACTTGAAGGACTCATTGCT,TTGTGCAGTTGGATGGTCCA,1,UNK,gene_1126,1,1754,1754,1754,100.0,1,A,1
gene_7629,A,CTTACCCCGTCTTATGTCGACC,TTATCGATCGTCACTGCGGG,1,UNK,gene_7629,1,1829,1829,1829,100.0,1,A,1
gene_24273,A,ATGTGGCTGTGTCAAAGTAGC,CCCGCCCTTGATGATAATGA,1,UNK,gene_24273,1,1503,1503,1503,100.0,1,A,1
gene_3727,A,ACGCCGAACCTTGATTGGAATA,GTCATGACATAGCGATAACGAGC,1,UNK,gene_3727,11,1866,1866,1856,99.46409431939979,1,A,1
gene_3732,A,CTCGCCTATAGTCGGACGAATAA,AGCTTCGAGTTAGCTCTAGGAGA,1,UNK,gene_3732,68,1640,1640,1573,95.91463414634147,1,A,1
gene_27070,A,CGTCATCGAACAGTGACCAAATC,AGACGGTCAACTAGATATCCACTG,1,UNK,gene_27070,236,1527,1527,1292,84.61034708578913,1,A,1
gene_7561,A,CTCACCTGGCACCTCTTATCAC,GTGTGACCGGGTAATTTCTGTTG,1,UNK,gene_7561,41,1988,1988,1948,97.98792756539235,1,A,1
gene_15759,A,CGGAGTGCGATATAAAGTTCCAG,TTGGGACGATCATAATAAGTAGCCG,1,UNK,gene_15759,13,1636,1636,1624,99.26650366748166,1,A,1
gene_18315,A,CACAGCAGTCCACTGGCAATATA,GATCTCGAACTGATCCGGTTTGA,1,UNK,gene_18315,66,1566,1566,1501,95.8492975734355,1,A,1
gene_18581,A,CAATCCCAATCATCAACCCAACC,AGTCGCTTCCTGCAAGAACAAA,1,UNK,gene_18581,19,1810,1810,1792,99.00552486187846,1,A,1
gene_19566,A,AGTACCAATACTAGGAGCGACC,GTTTGGGTGGACCGAGAGC,1,UNK,gene_19566,49,1243,1243,1195,96.13837489943684,1,A,1
gene_10257,A,CCATAATTATCGAGCGGCCG,AACCGATCGAACTACTCAGTCAC,1,UNK,gene_10257,1,1509,1509,1509,100.0,1,A,1
gene_21007,A,CACCGTAGATGCAGTCAGCC,GGTGACGATTTGAGTCTGCG,1,UNK,gene_21007,28,2718,3258,2691,82.59668508287292,1,A,1
gene_14172,A,TCGGAGCGTATATTCTGCGAG,AATGCTATTCCAGGCCGGG,1,UNK,gene_14172,1,1396,1396,1396,100.0,1,A,1
gene_8471,A,GACCCGGAAGGTTGAGCC,TTCGACTCAGGGTATCTCTCCG,1,UNK,gene_8471,1,873,873,873,100.0,1,A,1
gene_27340,A,AGGGAGAAGCTAACGACGAAATC,TACGACGATCTCCGGACGG,1,UNK,gene_27340,1,2444,2444,2444,100.0,1,A,1
gene_23767,A,ATAACACTGGCCGGAACTATACC,TTCATGGCTGAGTACTTGAGGAC,1,UNK,gene_23767,70,1462,1462,1393,95.28043775649795,1,A,1
gene_4918,A,CCAGCAATTCATCCTCCATTCAC,GGACTGACCAGCTTCTTTGAAAG,1,UNK,gene_4918,114,2025,2025,1912,94.41975308641975,1,A,1
gene_23840,A,ATTAGGGCATGCCATCTGACC,TCTGAAGCCTGTGACCTGAC,1,UNK,gene_23840,1,1279,1279,1279,100.0,1,A,1
gene_25516,A,GGGGGCATTTTGGTGATCTTG,CACGCTCGATTTGAGGAGGA,1,UNK,gene_25516,1,1284,1284,1284,100.0,1,A,1
gene_7950,A,GCGGTATATGCAATGCCCTG,GCTTCCATATCTCGACGCGA,1,UNK,gene_7950,1,1289,1289,1289,100.0,1,A,1
gene_14041,A,GCTACTGAGACTTCGTCCGC,GGAAGGCTGTTCAATACTTGCA,1,UNK,gene_14041,1,1366,1366,1366,100.0,1,A,1
gene_22265,A,ATGACTGGTACACGCTTGCG,AGTGCCAGAATTGTAGCATGG,1,UNK,gene_22265,1,1410,1410,1410,100.0,1,A,1
gene_22265,A,ATGACTGGTACACGCTTGCG,AGTGCCAGAATTGTAGCATGG,1,UNK,gene_22265,1,1410,1410,1410,100.0,1,A,1
gene_2178,A,GTGGTTTTTGGACTGAGCCG,TGAACACGCAAGCCAGAATT,1,UNK,gene_2178,1,1428,1428,1428,100.0,1,A,1
gene_23422,A,GCGGATTGAATTAGGGCCCA,GCATCGCACTGCCATTAGGA,1,UNK,gene_23422,1,1510,1510,1510,100.0,1,A,1
gene_7548,A,CGGTGTTTGAGTAGGTTCGGT,TCTGCTAGTTCCGCCATTTC,1,UNK,gene_7548,1,1452,1452,1452,100.0,1,A,1
gene_5466,A,TTCAAAGCCAAGGCCGATTG,ACCCCATACCCCATGAAAAACA,1,UNK,gene_5466,1,1521,1521,1521,100.0,1,A,1
gene_27559,A,CCAGGTGAACGATCGAAGCA,CCAGGCGGTACAGGTCAATA,1,UNK,gene_27559,1,1544,1544,1544,100.0,1,A,1
gene_2476,A,GTGGAGTGCATAAAGGCTGC,GCTCCCTGCCCAAAATGTATG,1,UNK,gene_2476,1,1572,1572,1572,100.0,1,A,1
gene_20660,A,GGTGACGAGCATATAAGCCCA,GGCAACGCGGGGAATATTTT,1,UNK,gene_20660,1,1613,1613,1613,100.0,1,A,1
gene_20332,A,CCGCAAGTCTCATTCCCAGAT,GCGGACTACACATTGGTCGT,1,UNK,gene_20332,1,1629,1629,1629,100.0,1,A,1
gene_2285,A,GGTCACACAGCAAATCAACGT,GGGTGCTGTCTTGATGGTGA,1,UNK,gene_2285,1,1680,1680,1680,100.0,1,A,1
gene_4509,A,CCAGGCCAACTTTTCGTTCA,GGGAATAGGATGGAGCTGGA,1,UNK,gene_4509,1,1645,1645,1645,100.0,1,A,1
gene_944,A,GCAAATGTCATGACACCAGCT,CCCAATCAATCCCCCAAACC,1,UNK,gene_944,1,1749,1749,1749,100.0,1,A,1
gene_2222,A,GCCAGCAGAAATTCAGCAACT,CCTCCCTGAAGGCGTGAAAA,1,UNK,gene_2222,1,1762,1762,1762,100.0,1,A,1
gene_1471,A,GACCATGGATTCCCCTCGTT,ATCCTCACCCTTCCGACTCC,1,UNK,gene_1471,1,1775,1775,1775,100.0,1,A,1
gene_19277,A,GCGGATATAGTCCCGGTGAG,CATTGGTGAACTGCATGCGG,1,UNK,gene_19277,1,1778,1778,1778,100.0,1,A,1
gene_8228,A,TGGGCTCGATATCTGGTTCA,TCCCCCCCAACCTTTTTCTT,1,UNK,gene_8228,1,1808,1808,1808,100.0,1,A,1
gene_5855,A,CGTACAAACGCCCGAAAAGG,AGTGTCTGCAATCGCAAACA,1,UNK,gene_5855,1,1394,1394,1394,100.0,1,A,1
gene_19689,A,GGGCCTCCAACAGTCTGAAT,GCAGGGTCCTTATAGAACACCA,1,UNK,gene_19689,1,1475,1475,1475,100.0,1,A,1
gene_15746,A,GGAATTCGCTCTGTTTTCGGA,GGAGGGTGTTTCTGGCTATGT,1,UNK,gene_15746,1,1473,1473,1473,100.0,1,A,1
gene_4432,A,ACTTTTCAAAAGGGCATGCTGA,TGAGAGCTGGTTTGGACAAA,1,UNK,gene_4432,1,1531,1531,1531,100.0,1,A,1
gene_2132,A,TGACTGGACGTGACTGCAAA,ACGCCTCAGCCCGGTATA,1,UNK,gene_2132,1,1537,1537,1537,100.0,1,A,1
gene_19458,A,GGAATTACGCAAGCCAGGTG,GGAACAGTAAGCCCTCTCCT,1,UNK,gene_19458,1,1555,1555,1555,100.0,1,A,1
gene_7260,A,CGTCCAGGAAAGCCATGAGC,ATTGATCATCACCCCCAGGAG,1,UNK,gene_7260,1,1581,1581,1581,100.0,1,A,1
gene_13303,A,CCAGGGTCCGACAAAGAGAT,GTACGCCATTCACATCAGGC,1,UNK,gene_13303,1,1603,1603,1603,100.0,1,A,1
gene_29384,A,ATTTCTCCAGGACTGCGCAA,GTGGGGGGTATCGGAGAGA,1,UNK,gene_29384,1,1663,1663,1663,100.0,1,A,1
gene_13932,A,GGCTGGACTAGTGCTGTGAT,CCACCTTACAGAAGTGCATGT,1,UNK,gene_13932,1,1694,1694,1694,100.0,1,A,1
gene_19204,A,CCCCCTCATTCTCGCTTAACT,GTGAGTTCCACTTCCACGCA,1,UNK,gene_19204,1,1697,1697,1697,100.0,1,A,1
gene_23183,A,GCTCGAAGTTGTGTTGACCA,GGGAGAGCATTGGACAATCCT,1,UNK,gene_23183,1,1841,1841,1841,100.0,1,A,1
gene_1093,A,CCAGGAATTGAGCCGTCGAA,TCCCATTGCTGGATCGTCCT,1,UNK,gene_1093,1,873,873,873,100.0,1,A,1
gene_15619,A,TGACTCAAGAAACAAGCGTGG,GTGGGTGGTTGAAGGGAGAG,1,UNK,gene_15619,1,1049,1049,1049,100.0,1,A,1
gene_17715,A,AGGCGACACGAGGATGAGAA,GCTGCTGCTTCCTCCTGA,1,UNK,gene_17715,1,1628,1628,1628,100.0,1,A,1
gene_27391,A,GATGGGGAACTCAAAGCCCA,GTATTTTGATGCCGCGGAGA,1,UNK,gene_27391,1,1115,1115,1115,100.0,1,A,1
gene_28182,A,CTCTGGCCAATGACCCCAA,ACCACCTTCCTTCGACTCATC,1,UNK,gene_28182,1,2293,2293,2293,100.0,1,A,1
gene_3826,A,GTACCTTGTCATCGACACCG,ACTCGTCAGCTTGAGTGAGC,1,UNK,gene_3826,1,294,294,294,100.0,1,A,1
gene_11990,A,AAAAACGCCGCATTCTTGGG,GCTTAGCGGTGTACAAGCAT,1,UNK,gene_11990,1,1485,1485,1485,100.0,1,A,1
gene_12107,A,TCGCTACCACATCTTGCATG,CGTTGAACGGAACCTTGTCC,1,UNK,gene_12107,1,1441,1441,1441,100.0,1,A,1
gene_12935,A,CGGATGAGACTGCTTGTCCT,CTATGCCCCTGTCAGGAGGT,1,UNK,gene_12935,1,1112,1112,1112,100.0,1,A,1
gene_12969,A,GTGTCCCCTAGACTCATGACTC,ATCCCAGACGTTCCCCTCT,1,UNK,gene_12969,1,1284,1284,1284,100.0,1,A,1
gene_25275,A,CGCTGCAGCATCATAGATCC,TCGCGGTATCTTCCCTCCC,1,UNK,gene_25275,1,1821,1821,1821,100.0,1,A,1
gene_7839,A,CGCGTCCAACCATTGAGATG,TGGTCCAGATAAGCTGTTGC,1,UNK,gene_7839,1,1478,1478,1478,100.0,1,A,1
gene_16463,A,ACCCCCAAAAGAATCGAGGC,CCCGAACCACCAATTCCCAG,1,UNK,gene_16463,1,1466,1466,1466,100.0,1,A,1
gene_16847,A,CAGTCACCATGAGCTCATCA,TGAGGGAAGCAGAACGTCTG,1,UNK,gene_16847,1,1967,1967,1967,100.0,1,A,1
gene_22349,A,CCCTTCCACACGAGTAAAAGC,CATTTATCCTGCGGGGGGAG,1,UNK,gene_22349,1,1227,1227,1227,100.0,1,A,1
gene_22506,A,TGGCAGGTGTCGTTCTTTCA,CCCGTTGCTTGGAGATAGCA,1,UNK,gene_22506,1,357,357,357,100.0,1,A,1
gene_26852,A,TCTAACGCAGGAGTGAGAGGT,CCGATTGGACCATGTTGCCT,1,UNK,gene_26852,1,505,505,505,100.0,1,A,1
gene_28234,A,CCCTGTCTGTCCCAGCTCTA,CCTCTCTCCTCCTCCCTGAA,1,UNK,gene_28234,1,1238,1238,1238,100.0,1,A,1
gene_2829,A,GGGTAAAGTTTTGGCTGATCCC,AATCAGCCCAGACCATGTCG,1,UNK,gene_2829,1,1720,1720,1720,100.0,1,A,1
gene_2965,A,ATTTCTGAGGTGCAGTAGGTACA,GGATTGACGTTGGTTTGCAA,1,UNK,gene_2965,1,1732,1732,1732,100.0,1,A,1
gene_10937,A,TCAGGAAGAGCTTGTCGAGA,CGGCGATAGTTGTACGGAGT,1,UNK,gene_10937,1,1509,1509,1509,100.0,1,A,1
gene_11632,A,ACTGGGGGGTCTTTGAAGAG,GTGTTCCCATAAACTCAAGCCA,1,UNK,gene_11632,1,1775,1775,1775,100.0,1,A,1
gene_12384,A,TATCTGTGTGAGTCCTGCGG,AGTGAAGTTGCACGGAAGGC,1,UNK,gene_12384,1,1547,1547,1547,100.0,1,A,1
gene_17164,A,GTGGGATTTCGCCAGAGTTT,GACCAGGAGAGTCAAGTGGA,1,UNK,gene_17164,1,1301,1301,1301,100.0,1,A,1
gene_17976,A,TAGGCTTGACCCGACGAAAG,CCCGTGGGCTTGATATCTACC,1,UNK,gene_17976,1,1573,1573,1573,100.0,1,A,1
gene_21376,A,TTGGCAAGGAGTGGAGTGAG,CCGCTATAAAGGCCTATCACGT,1,UNK,gene_21376,1,1327,1327,1327,100.0,1,A,1
gene_23733,A,CACCCTTCTCTCTTTCCCCA,TCGCCATCGATGATGATGAAGA,1,UNK,gene_23733,1,1464,1464,1464,100.0,1,A,1
gene_25139,A,CTCTAGTCACGTGCTGCCAG,AGTGTCGAGTTCCAAGATCGT,1,UNK,gene_25139,1,1425,1425,1425,100.0,1,A,1
gene_9779,A,GCTTGGTTCCTCTGATGGCT,CGAGTTCATAGAAGAGGGGGG,1,UNK,gene_9779,1,1757,1757,1757,100.0,1,A,1
gene_9939,A,CCCACTGGACTAGCACCAC,ACAAAAAAAAGGACCAAGGAGGA,1,UNK,gene_9939,1,1349,1349,1349,100.0,1,A,1
gene_10807,A,ACTGCAGACCCCCAGTAAGG,TGACTGCCAAGCTACTATGGA,1,UNK,gene_10807,1,1978,1978,1978,100.0,1,A,1
gene_27168,A,GGCCACAAGGAATGAAAGTCTC,CCCGTCTAGCTGATTCGTCA,1,UNK,gene_27168,1,1895,1895,1895,100.0,1,A,1
gene_22438,A,GGAGCAGGGTGAAATGAAGA,GCAAGGCAGATCCAGACAGG,1,UNK,gene_22438,1,1712,1712,1712,100.0,1,A,1
gene_10034,A,TGAACCCGCTCGCTTAAAAT,CCCCCGAGTTACGCTTGTAA,1,UNK,gene_10034,1,1591,1591,1591,100.0,1,A,1
gene_2963,A,CCCAGTGCGGTCGAGAAG,GGTGTACGTTGTTCAGAGTGG,1,UNK,gene_2963,1,1237,1237,1237,100.0,1,A,1
gene_9687,A,GAGTACCACTGTCGCAATCAC,CGAGAGATTTAACCGACGGC,1,UNK,gene_9687,1,1673,1673,1673,100.0,1,A,1
gene_11028,A,CTCACTCCTATCCCAGCGTTC,GCGTCTCTATACCTCCCATGG,1,UNK,gene_11028,48,1528,1528,1481,96.92408376963351,1,A,1
gene_11473,A,AAGTGGCCAAGACTTCATTGAC,GGGCGGGTGGATTAATTTGC,1,UNK,gene_11473,3,1925,1925,1923,99.8961038961039,1,A,1
gene_11956,A,TCTTTGCCCCTGTCTTACTAGG,CCGGGGACAATCTAATGCTTG,1,UNK,gene_11956,1,1213,1213,1213,100.0,1,A,1
gene_12146,A,ATTGCACTTGACATGACCCAG,GAAAGACAGGGCGATCGAATG,1,UNK,gene_12146,1,1312,1312,1312,100.0,1,A,1
gene_13162,A,ATTAGAATCCACCGGCCGAG,GAAGCCCATGATACACACACG,1,UNK,gene_13162,1,1436,1436,1436,100.0,1,A,1
gene_13184,A,TCAGCTGAGCAGACATACGG,ATGAACTGGCGGGAATCAAAC,1,UNK,gene_13184,1,1289,1289,1289,100.0,1,A,1
gene_13268,A,CGCTCTTAATCTCCTGCATGC,GCACAAGAGCATTAGTCAGACC,1,UNK,gene_13268,1,1535,1535,1535,100.0,1,A,1
gene_13280,A,TCTACTCAAACCCGCTTCGC,CTCTAGCTTAACCCGATCCCC,1,UNK,gene_13280,1,1402,1402,1402,100.0,1,A,1
gene_13812,A,TGTTATTGGAGTTTGCTGGGG,TGGTTTGAGCTGTTGAGTGC,1,UNK,gene_13812,1,1312,1312,1312,100.0,1,A,1
gene_15898,A,GTACAACTAATGGGGCGCAG,GGAGTCAAGAACATCAAGCCG,1,UNK,gene_15898,1,1396,1396,1396,100.0,1,A,1
gene_1659,A,CCGATGAATGGCTGTGTGAAC,CAGCGAAAGAAAACAAACAGGC,1,UNK,gene_1659,1,1369,1369,1369,100.0,1,A,1
gene_21583,A,CCTGTGCAATCCAAACGAGG,AAACATCACACTGTCAGCTCG,1,UNK,gene_21583,1,1073,1073,1073,100.0,1,A,1
gene_17367,A,CTTGACTCTTGAGCGAACCAG,GTACGCCCCAATCTGAAACTC,1,UNK,gene_17367,1,1858,1858,1858,100.0,1,A,1
gene_17386,A,GACGCGAACCTCAAGAAACC,CCCCACCCTGATCGATTGTC,1,UNK,gene_17386,1,1594,1594,1594,100.0,1,A,1
gene_17449,A,GCTTCAAGTGTGCAATTTCGC,GGTTCATCTCCTACGGCCAG,1,UNK,gene_17449,1,1509,1509,1509,100.0,1,A,1
gene_1750,A,TGGTTGTTGCATGTTCTTCGC,TTGGACGGATGTGAGCACTG,1,UNK,gene_1750,1,1469,1469,1469,100.0,1,A,1
gene_1766,A,TATCCGCCGACTCATGATACG,CTCACATCTGTTGACCATCGC,1,UNK,gene_1766,1,1876,1876,1876,100.0,1,A,1
gene_2918,A,CTTATCAGACACCGCGCAAC,GCCAATACCAATCTCATCCCC,1,UNK,gene_2918,1406,2523,2523,1118,44.31232659532303,1,A,1
gene_20876,A,TCAAGAAAACCCTCCAGAGCC,TCCGACTGTTCATGGTAGCG,1,UNK,gene_20876,1128,2019,2019,892,44.1802872709262,1,A,1
gene_20214,A,GACTGATGAAGCCAAAGTGAGG,TACGTACGAAGAACTGGGCG,1,UNK,gene_20214,1,1904,1904,1904,100.0,1,A,1
gene_20838,A,ATTGACTGTAGCCCACCTCTG,CTGCACGCCAAGATCAAGAG,1,UNK,gene_20838,1,1310,1310,1310,100.0,1,A,1
gene_21422,A,GAATGCCTGGCTAAGTGGTTC,TGCGCGAAGTATGACCTGAC,1,UNK,gene_21422,1,1945,1945,1945,100.0,1,A,1
gene_6571,A,ACTGGTTTTAGCTGTCCCGAC,CGACCAGAGCGAAATTACACC,1,UNK,gene_6571,1,2425,3458,2425,70.12724117987275,1,A,1
gene_22029,A,TCTTTGCCCCTGTCTTACTAGG,CCGGGGACAATCTAATGCTTG,1,UNK,gene_22029,1,1213,1213,1213,100.0,1,A,1
gene_22099,A,CACGCGAGGAGAAAAGTACC,GGTGACTATCCTCCACTCTCC,1,UNK,gene_22099,1,1849,1849,1849,100.0,1,A,1
gene_22500,A,CAGCCAGGGTACACAGTCTC,AAAAGCGCAGAAGACAGTGTG,1,UNK,gene_22500,1,1384,1384,1384,100.0,1,A,1
gene_22504,A,TAAGCCCTCCGAAGCAAGTG,GCACGGATACAGAAAAGACTCG,1,UNK,gene_22504,1,1734,1734,1734,100.0,1,A,1
gene_22742,A,TCGGCGCTTTCTGGTTTTAC,GAATGCGACTGTCAACCCTC,1,UNK,gene_22742,1,1229,1229,1229,100.0,1,A,1
gene_23170,A,TGTCAACCTTACTTTCGTCGG,GAGTTTTGGTCCCACACTGC,1,UNK,gene_23170,1,1667,1667,1667,100.0,1,A,1
gene_8163,A,TATGTGTGTGAAGCTTGCGTG,ACTTGCTTCCGACTGTACAGG,1,UNK,gene_8163,1,2203,2228,2203,98.87791741472172,1,A,1
gene_23603,A,TAGTATCAATGCTGCCTGGGG,AAGACCGGCATTGACATTCG,1,UNK,gene_23603,1,1393,1393,1393,100.0,1,A,1
gene_23767,A,CTGCTTTGCTGATCATCGTCC,GGGAGATTCAAGAAACTTGCCC,1,UNK,gene_23767,1,1462,1462,1462,100.0,1,A,1
gene_23811,A,GACATTTTCGATACCCACGGAG,CTATGACGCCACATCACACC,1,UNK,gene_23811,52,1407,1407,1356,96.37526652452026,1,A,1
gene_23816,A,CCAAGACAAGCCCTTTACACG,GTTACGACACAATGCAGGGAC,1,UNK,gene_23816,1,1505,1505,1505,100.0,1,A,1
gene_23834,A,ACTACACCAAGCGCGAAATTG,TCTACCATTTAGCCCTGCCC,1,UNK,gene_23834,1,1471,1471,1471,100.0,1,A,1
gene_25668,A,AAGTATCCGTCGCTTTCCCG,AGAGGGCTAGTGGATCGTTTG,1,UNK,gene_25668,110,2723,2723,2614,95.99706206390012,1,A,1
gene_7682,A,AGGGTCCAATTACTCAGGCG,CCATAGCCACTATACTCTGACCC,1,UNK,gene_7682,3357,5371,5371,2015,37.516291193446285,1,A,1
gene_25050,A,TTCAGGACTACACAGCTGACC,TACTACCCACCCCTTTCGAAC,1,UNK,gene_25050,1,1662,1662,1662,100.0,1,A,1
gene_25166,A,CCTCTCGAACCATCTCAGCG,TGCTCAACATTTTCTGGCTCG,1,UNK,gene_25166,1,1971,1971,1971,100.0,1,A,1
gene_25409,A,TGTTTGGACTAGAGCTCCCG,TGCCAGCCAAGTAGAGACAAC,1,UNK,gene_25409,1,1521,1521,1521,100.0,1,A,1
gene_25712,A,GCGGACGAGTTCTATCAAGAC,TTGAACCAGCCAGAACGAAC,1,UNK,gene_25712,1,1387,1387,1387,100.0,1,A,1
gene_25677,A,TACCACGTTGAGTAGAGCGATC,AAGCTCTACCCAGACCATTCG,1,UNK,gene_25677,48,2908,3746,2861,76.37479978643887,1,A,1
gene_26206,A,GGTGCAAACAATCATCGTCCC,TCGGCAAGATTCCCCTATCG,1,UNK,gene_26206,1,1681,1681,1681,100.0,1,A,1
gene_26408,A,TTTTGCGATGTGTGAGTGTCTG,AGACAGTCTGTGCTCATGGG,1,UNK,gene_26408,1,1345,1345,1345,100.0,1,A,1
gene_26442,A,CACTTTGCACAAGAGTCGCG,AACGGCCCACATAGAACAAAC,1,UNK,gene_26442,1,1304,1304,1304,100.0,1,A,1
gene_26506,A,CGATCAAAGAACAGAGCCGAG,TGAGCGCACAAGTAAATCCG,1,UNK,gene_26506,1,1276,1276,1276,100.0,1,A,1
gene_26590,A,GACGCGAACCTCAAGAAACC,CCCCACCCTGATCGATTGTC,1,UNK,gene_26590,1,1594,1594,1594,100.0,1,A,1
gene_26651,A,TGCCGTTGAGTTCAGCAATC,AACGAGCTCAATCCCTCCTTC,1,UNK,gene_26651,1,1480,1480,1480,100.0,1,A,1
gene_2708,A,GGTCTGCGAATAACTCACCC,TGCCTGGTCGTAGTAGTACAC,1,UNK,gene_2708,1,1578,1578,1578,100.0,1,A,1
gene_28528,A,GGGTCTCGGTTGATTGAAAGC,GTCACCCCACTTATCGCTCG,1,UNK,gene_28528,1090,3994,4859,2905,59.78596419016259,1,A,1
gene_28471,A,ACGGTCAAGATACGGCACAG,GGACCATGAAGACAAACACGG,1,UNK,gene_28471,1,1949,1949,1949,100.0,1,A,1
gene_28587,A,TCGCGGTATATTGACGAGGAC,GCTGTCCAAAGTGTCGGTAC,1,UNK,gene_28587,1,1496,1496,1496,100.0,1,A,1
gene_5641,A,TGAAAAGAGCAAGTTCCGGTG,TTCACCTGCCGAACCTTACC,1,UNK,gene_5641,1,790,790,790,100.0,1,A,1
gene_5649,A,CTCTGACAAAGTTGAACCCGC,GTTCCAAAGACAAGCCCACAC,1,UNK,gene_5649,1883,2829,2829,947,33.47472605160834,1,A,1
gene_29396,A,CTTGGTTGCTGGTGAACTCTG,TGGTAACCAGGGAATGAGGAAG,1,UNK,gene_29396,1,1510,1510,1510,100.0,1,A,1
gene_29399,A,TGGGGAGGCTGTCTGATTTG,CCTACTGGTTCTGACTGGGAC,1,UNK,gene_29399,1,1594,1594,1594,100.0,1,A,1
gene_29464,A,TCTCATTTTCGCCACGGATC,CCCACATTCGCATTCTCTGTC,1,UNK,gene_29464,1,1856,1856,1856,100.0,1,A,1
gene_29760,A,TCTCTCTTCATCTCGGGACCC,AGTCTGATGTCTCGAACCGC,1,UNK,gene_29760,1,1116,1116,1116,100.0,1,A,1
gene_29826,A,GACATTTTCGATACCCACGGAG,CTATGACGCCACATCACACC,1,UNK,gene_29826,52,1407,1407,1356,96.37526652452026,1,A,1
gene_29856,A,GGGCACAACTGAATCATGAGC,TGACTGGGAAATCTGCTGGAG,1,UNK,gene_29856,1,1648,1648,1648,100.0,1,A,1
gene_29906,A,GTCCGATTAGCTTGGCAAGTG,GAATTGTCACACAGCAGGCG,1,UNK,gene_29906,1,1264,1264,1264,100.0,1,A,1
gene_30056,A,TTTGTGAGCCTGTCCAGTCC,CGTGACAAACTCAAGCAGGTC,1,UNK,gene_30056,1,1502,1502,1502,100.0,1,A,1
gene_3337,A,ACGACGGTCAAACAACAATCC,CGGACAGACTCGGTGTACAC,1,UNK,gene_3337,1,1790,1790,1790,100.0,1,A,1
gene_3339,A,CAAAGGGGTGTGCGTGTAAG,GCTCAACTCTAAACTGCCCG,1,UNK,gene_3339,1,1800,1800,1800,100.0,1,A,1
gene_21630,A,GCCCTTGGGTTCTCAAAGATG,CTGACATCATCCACACCATTCG,1,UNK,gene_21630,1,1969,1969,1969,100.0,1,A,1
gene_3658,A,ATACGTCGTCCAGATCCCAAG,ACTAAAGGCCGATGGTCAGG,1,UNK,gene_3658,1,1825,1825,1825,100.0,1,A,1
gene_3932,A,ATTGGGTATACACTGCGGGG,GTGTCCACGCGCTTGTTATC,1,UNK,gene_3932,1,1414,1414,1414,100.0,1,A,1
gene_4991,A,GCAACCAAGAGCTCAGAGAAAG,CTGGAGTAGAGAGATGGTGCG,1,UNK,gene_4991,1,1451,1451,1451,100.0,1,A,1
gene_5904,A,GATTGCCCTGTTTACCACTCG,TGAATATCTCTCGTGTCGGGC,1,UNK,gene_5904,1,1428,1428,1428,100.0,1,A,1
gene_5978,A,GGGCGCATACATCGTGATTC,AACTCTCGGTATGGCAGTGG,1,UNK,gene_5978,1,1996,1996,1996,100.0,1,A,1
gene_6414,A,TGACCGTTCAAGAGAGTAGCG,TCTCGTCGGTTGCAAATCTG,1,UNK,gene_6414,23,2541,2541,2519,99.13419913419914,1,A,1
gene_6512,A,CTCGTTGTATGACCATCGCTG,TGAGCTATCCATTCGCCCATC,1,UNK,gene_6512,6,1584,1584,1579,99.68434343434343,1,A,1
gene_6804,A,CAGCCAGGGTACACAGTCTC,AAAAGCGCAGAAGACAGTGTG,1,UNK,gene_6804,1,1381,1381,1381,100.0,1,A,1
gene_9040,A,TAACCGGGTCAAATCGAGGTC,CCCAGTGTCATGCTTTTGTTC,1,UNK,gene_9040,1,1241,1241,1241,100.0,1,A,1
gene_9626,A,GGCAGTCTGGACCCTATGAC,CACAGCTAGCAGTTCAAACCC,1,UNK,gene_9626,1,1074,1074,1074,100.0,1,A,1
gene_7434,A,TGAGGGTTCTTGATCAGCAGG,AGGAGACGAAGATTTAGAGCCG,1,UNK,gene_7434,1,1751,1751,1751,100.0,1,A,1
gene_7490,A,ATTCTCTCACTTCGTAGCCCC,TGTGGTCTTACTCTGTGCCG,1,UNK,gene_7490,1,1499,1499,1499,100.0,1,A,1
gene_8104,A,CGTTGGCGTTAGACTGTCAC,TTTCAAGCAGCCTCAAAACCC,1,UNK,gene_8104,1820,2984,2984,1165,39.04155495978552,1,A,1
gene_8226,A,TGCCGTTGAGTTCAGCAATC,AACGAGCTCAATCCCTCCTTC,1,UNK,gene_8226,1,1489,1489,1489,100.0,1,A,1
gene_8271,A,TTGATCTCGTGTGTACCCCTG,CCCCGACTCCCAACATAGATC,1,UNK,gene_8271,1,1729,1729,1729,100.0,1,A,1
gene_8300,A,ACTACACCAAGCGCGAAATTG,TCTACCATTTAGCCCTGCCC,1,UNK,gene_8300,1,1471,1471,1471,100.0,1,A,1
gene_8539,A,CCGACCATCATTTCTTCACTCC,GTTGGTTTCAGCATCCCCTTC,1,UNK,gene_8539,14,1318,1318,1305,99.01365705614568,1,A,1
gene_901,A,CCACTCCGCTATCTTCCGTAG,ACAGTGCCAAATTGTTCCGC,1,UNK,gene_901,1,1668,1668,1668,100.0,1,A,1
gene_9071,A,GAGTGGTGAGAGAAGGTGACG,AGTGCTTATGGGCTTTGGTTG,1,UNK,gene_9071,1,1353,1353,1353,100.0,1,A,1
gene_9093,A,GTGGCCAATTGATGATCGCG,ACCTCCGACGACCATATTCC,1,UNK,gene_9093,1,1611,1611,1611,100.0,1,A,1
gene_12102,A,ACTACCATACCCGGCTTTGC,ATGAGAATAGAGTTGGGCGCG,1,UNK,gene_12102,1,819,819,819,100.0,1,A,1
gene_9582,A,GGGCACAACTGAATCATGAGC,AGCTTCTCACTAAGGCTGACG,1,UNK,gene_9582,1,1648,1648,1648,100.0,1,A,1
gene_9613,A,GACGTGTATACCGGCGAAAC,GTACCGATCTGTCTGTCCGC,1,UNK,gene_9613,1,1844,1844,1844,100.0,1,A,1
gene_22011,A,TCATTTTCTCGTTAGTGTTGCGT,TTCCAGCCCATCTTGTAGCC,1,UNK,gene_22011,1,1966,1966,1966,100.0,1,A,1
gene_11781,A,GTGGCCGAGGATGGAAAACT,ACTCACCCTTCCCCCATCC,1,UNK,gene_11781,1,1918,1918,1918,100.0,1,A,1
gene_25217,A,GGGGGGATGTGTCTTTCGAT,TCCGCCAAAGAGAGACAATG,1,UNK,gene_25217,1,1734,1734,1734,100.0,1,A,1
gene_9962,A,TGAGATCTGCACTCTTGAGAGA,CTGGGCCAAAAGTTGTGCAA,1,UNK,gene_9962,1,1716,1716,1716,100.0,1,A,1
gene_21354,A,AGACCAACTCATCTCCGATGG,TCTCAGATATGGGCACATGCT,1,UNK,gene_21354,1,1586,1586,1586,100.0,1,A,1
gene_14665,A,ACTTAGCGCACTCACCTGC,ACATCGCCAGCTTGGTCAAT,1,UNK,gene_14665,1,1492,1492,1492,100.0,1,A,1
gene_25477,A,GGTGATGTTACCGATGATTGTCA,TGCTGCTATCTCTGGTGAACA,1,UNK,gene_25477,1,1504,1504,1504,100.0,1,A,1
gene_26505,A,CACCTGCCACCCAAGAGG,GGTTGCATCGGCGATCCTAT,1,UNK,gene_26505,1,1387,1387,1387,100.0,1,A,1
gene_14785,A,GCCCGAGCGGAAGTTAAGAA,TGTCAGTTTTTTGAGTGTGTAGATCC,1,UNK,gene_14785,1,1732,1732,1732,100.0,1,A,1
gene_7107,A,TTGATTGAGCGCGTGCATTC,CGACCAGGCCCTGTCAACTA,1,UNK,gene_7107,1,1766,1766,1766,100.0,1,A,1
gene_7283,A,GCTCAGCCGGTAAGTAGTTGA,CTCGTTCAAGAACACCTCATGT,1,UNK,gene_7283,1,1462,1462,1462,100.0,1,A,1
gene_2297,A,TGGGTGACGGAAAATCGGAC,AGAAAAGGTCAGTTGGTGTCCT,1,UNK,gene_2297,1,1955,1955,1955,100.0,1,A,1
gene_4649,A,ACTCATCCACGCATCTTCTC,ATCTTGAGAGGCTTACGCGC,1,UNK,gene_4649,1,1979,1979,1979,100.0,1,A,1
gene_20765,A,CACACACAATGACCTCCCCT,CTCGTCAGGCTACCCCAAA,1,UNK,gene_20765,1,1201,1201,1201,100.0,1,A,1
gene_24274,A,GCGGAATGTGGTGGAGAAGA,TCAGGGGGTTTCAAGTGTGTTT,1,UNK,gene_24274,1,1352,1352,1352,100.0,1,A,1
gene_15601,A,CGCTGGACTCCTTTGGGTTA,GCCATGTCCTTTGATTGCGAT,1,UNK,gene_15601,1,1720,1720,1720,100.0,1,A,1
gene_12690,A,GCGACCAAGGTTCTCTCTCC,ATGTCTCCTTGAGTCCCGGC,1,UNK,gene_12690,1,1748,1748,1748,100.0,1,A,1
gene_4637,A,GCGGAGTGGAGGTTCATTCA,TCACCTTGGACTGCACTACAT,1,UNK,gene_4637,1,1757,1757,1757,100.0,1,A,1
gene_3881,A,CCAGCTCCCATGAGACACAT,GGGCGATGTTCCCCTTTCA,1,UNK,gene_3881,1,1837,1837,1837,100.0,1,A,1
gene_9558,A,GGGGAATCCAAAGACATGGGT,TTGAGGAGGGGGAAAAGGAAA,1,UNK,gene_9558,1,1858,1858,1858,100.0,1,A,1
gene_1594,A,AGCTGTAGGAAACTTGGCATCT,TGACGTACACAAAAGACTTCCAG,1,UNK,gene_1594,1,2388,2388,2388,100.0,1,A,1
gene_7878,A,GCGCAAGTTTACCACACAACT,TGCCGTCGTTATCTATAGAAGCT,1,UNK,gene_7878,1,2378,2378,2378,100.0,1,A,1
gene_3331,A,TGTGCTTGAGAAGAAAGATGGT,ACCTTGAATCAAATCAATCTCAAGAGT,1,UNK,gene_3331,1,2250,2250,2250,100.0,1,A,1
gene_1493,A,CACTCGCTACTAGGCTGCC,CTCTTCCAGATGAAATACACCCA,1,UNK,gene_1493,1,2258,2258,2258,100.0,1,A,1
gene_9539,A,ACTGCTGATCGAAGCCTACA,ACCTCATGGTCCAGGTATCT,1,UNK,gene_9539,1,2194,2194,2194,100.0,1,A,1
gene_2949,A,CATCATTGCTTTAGTTTCTTGTAGTC,CTCAATTTTTAATGATTTTGGTCGGA,1,UNK,gene_2949,1,2106,2106,2106,100.0,1,A,1
gene_2927,A,CTCAATTTTTAATGATTTTGGTCGGA,TCTCACACGCTTGCTTGG,1,UNK,gene_2927,1,2105,2105,2105,100.0,1,A,1
gene_4932,A,TATTCCTTCATGGTTCAGCGAGA,CGGGTTTTTCGAGTAACTTTGGA,1,UNK,gene_4932,1,2064,2064,2064,100.0,1,A,1
gene_18329,A,TGGACAGGCGATCTACTACA,GGTGGCCCAGCTACACAAG,1,UNK,gene_18329,1,2076,2076,2076,100.0,1,A,1
gene_20937,A,CCCGCTTCTCTTCCTCTGC,GGGGCTAAGAACGTTGGATCT,1,UNK,gene_20937,1,2024,2024,2024,100.0,1,A,1
gene_14949,A,AGTGAAAGTGGGCAGTGCTT,CGGTCGAACCTGATTTGGAA,1,UNK,gene_14949,1,2059,2059,2059,100.0,1,A,1
gene_7280,A,GGCGACATGATTCTTCCAGA,GTGATGAAAATTCCCCGCCT,1,UNK,gene_7280,1,2009,2009,2009,100.0,1,A,1
gene_9768,A,TGTCATTCTACACGCCTGAAA,TGTTTGAGCGGAATGTGGAT,1,UNK,gene_9768,1,1913,1913,1913,100.0,1,A,1
gene_16853,A,CCCCCCAATATCGAAACCCA,CGTCATGCAGTTAGTTCAAGCA,1,UNK,gene_16853,1,1945,1945,1945,100.0,1,A,1
gene_25175,A,TGTGACCGAGGATGGAAAACT,TTCTCCACTCTCCACTTGCC,1,UNK,gene_25175,1,1918,1918,1918,100.0,1,A,1
gene_13925,A,CCCGTCTAGCTGATTCGTCA,GGCCACAAGGAATGAAAGTCTC,1,UNK,gene_13925,1,1899,1899,1899,100.0,1,A,1
gene_18873,A,GCGTTGCAAGGAGACGAAAA,GCCCTAGATCTGTTTTGACGTG,1,UNK,gene_18873,1,1878,1878,1878,100.0,1,A,1
gene_29739,A,GGACAAGCTTCAGGTTTCCT,CGGACCGCCAGTGTTTTTTC,1,UNK,gene_29739,1,1871,1871,1871,100.0,1,A,1
gene_23723,A,CGCGAATGTAGGACAAGCTTA,CAACAGTGCGGGTTAATGCC,1,UNK,gene_23723,1,1870,1870,1870,100.0,1,A,1
gene_4416,A,TCCCCACGTGTGATTTCAC,GCAGTGAACATCGTTGAGCT,1,UNK,gene_4416,1,1812,1812,1812,100.0,1,A,1
gene_29070,A,GGACAGGCCCCAATCTTCG,CACTCCGGCTCCGATGAAG,1,UNK,gene_29070,1,1841,1841,1841,100.0,1,A,1
gene_27287,A,TGGTTCGTGCTTGGTTCTTG,TCTAAGCCAGGCTTCGGC,1,UNK,gene_27287,1,1828,1828,1828,100.0,1,A,1
gene_12774,A,CACTTCACTCAAAGCCATGGC,TGAGGATTCAACTCGTGGACT,1,UNK,gene_12774,1,1809,1809,1809,100.0,1,A,1
gene_18537,A,AGGTCGAGAATTTGGGAGGAG,GCAACGCATATGAACGCCAC,1,UNK,gene_18537,1,1510,1510,1510,100.0,1,A,1
gene_27623,A,GTACAAAGCCTCAAGTGCAGG,GGAACAGGAACACCGGAAGA,1,UNK,gene_27623,1,1788,1788,1788,100.0,1,A,1
gene_19513,A,TGCTCTGGCGCTCCTACAA,GGAACAGGAACACCGGAAGA,1,UNK,gene_19513,1,1788,1788,1788,100.0,1,A,1
gene_6269,A,ACACTGACATCATCACACCCC,GGCCATGAAGCCGATGTTG,1,UNK,gene_6269,1,1761,1761,1761,100.0,1,A,1
gene_4585,A,GGTTGAAAAAAAGTTAACAAAAGCCA,GGACAACCAAAAGACTAGAATTGC,1,UNK,gene_4585,1,1725,1725,1725,100.0,1,A,1
gene_18450,A,AATTGGAGCTGCAGAGGGAC,GCTTGTTCCACTCTCTTTCAACA,1,UNK,gene_18450,1,1724,1724,1724,100.0,1,A,1
gene_22455,A,GCGGGATCCATGAGTTCTTG,ATAACAGAGTTCAGCCCCCG,1,UNK,gene_22455,1,1112,1112,1112,100.0,1,A,1
gene_24053,A,GCGGGACTTGAATCACTTGA,GTACGAACTGGCGTTGGCT,1,UNK,gene_24053,1,1616,1616,1616,100.0,1,A,1
gene_2466,A,TCGGATGTTGAATGGAGTCGA,ACATTGGCTGTTTCAAGGCG,1,UNK,gene_2466,1,1630,1630,1630,100.0,1,A,1
gene_13024,A,TGCTGAAATCTGCTTCCCCC,CAGGGCCATCTGGTACTTCT,1,UNK,gene_13024,1,1591,1591,1591,100.0,1,A,1
gene_16478,A,TTTTATCCACCTTCCCCAACA,TCTGCTGTGCTTGTTGACCA,1,UNK,gene_16478,1,1541,1541,1541,100.0,1,A,1
gene_16233,A,CGGATCAAACAACCACGGTT,AAGGAGTGTTTACCAACCGG,1,UNK,gene_16233,1,1537,1537,1537,100.0,1,A,1
gene_3300,A,TCCACTCCCATGGCTTCTTT,AAGGAGTGTTTACCAACCGG,1,UNK,gene_3300,1,1540,1540,1540,100.0,1,A,1
gene_20599,A,CACGTGACACTTATTCCCCC,CGTTGCACATCTGGTCGAAG,1,UNK,gene_20599,1,1554,1554,1554,100.0,1,A,1
gene_5593,A,CGCAGCTGAAAACATACGCA,TGAAGAATGGTCGAATCTGGGG,1,UNK,gene_5593,1,1551,1551,1551,100.0,1,A,1
gene_19139,A,CAGTACAACATACGCCCGAGA,TGTTGAAGTGAAGTTGCACGG,1,UNK,gene_19139,1,1547,1547,1547,100.0,1,A,1
gene_17761,A,TGACTAGCAGAGCTTCGCAG,CTGATGACAATCCCTCAGCC,1,UNK,gene_17761,1,1496,1496,1496,100.0,1,A,1
gene_799,A,CGTTGCTAAACATCACTGGTCA,TGTTTTCCCCTCTTCTGGCC,1,UNK,gene_799,1,1530,1530,1530,100.0,1,A,1
gene_2434,A,CCTGATGACAATCCCTCAGCC,GCAGGAATGAGGTCGCCT,1,UNK,gene_2434,1,1496,1496,1496,100.0,1,A,1
gene_30133,A,GAGCGAATTTACCGGTGCC,CGTGAGCTGCGATAACAGAA,1,UNK,gene_30133,1,1481,1481,1481,100.0,1,A,1
gene_27887,A,AACACCACGTTCACACATCAG,AGGGAGACGGATCGAAGTCA,1,UNK,gene_27887,1,1476,1476,1476,100.0,1,A,1
gene_28265,A,TGCCCTGGAACAAGTTGTCT,CCCATAGGAAAGTGGTTCTCCC,1,UNK,gene_28265,1,1466,1466,1466,100.0,1,A,1
gene_12477,A,GGTTTGTGTAAGCCTGTGCA,GCCAGGGATTGTCAGCATTT,1,UNK,gene_12477,1,1449,1449,1449,100.0,1,A,1
gene_11935,A,CCCATTGTTTTGGCCAGGGA,ACGTGAACACTTACCGTGACT,1,UNK,gene_11935,1,1447,1447,1447,100.0,1,A,1
gene_13875,A,TCGAACAGGAACTCACTGGA,CAGCATAAGCAGCGGGAAC,1,UNK,gene_13875,1,1393,1393,1393,100.0,1,A,1
gene_9368,A,TGAGGGACTATTGTGTGGTGTG,CCCGAATTGTGTGTCCAGGT,1,UNK,gene_9368,1,1403,1403,1403,100.0,1,A,1
gene_23259,A,CCGATACCCGAACAGTGGTT,GGTTGAAGCAGTTACACTTGCA,1,UNK,gene_23259,1,1402,1402,1402,100.0,1,A,1
gene_27553,A,CTCCATCCATCCCTCCGTCC,CACGAGTCGTTCTGTCTGGT,1,UNK,gene_27553,1,1372,1372,1372,100.0,1,A,1
gene_12597,A,GATAGCTTCCTCTGGGTTGGT,GGGGATGGGGTCAGATGTTT,1,UNK,gene_12597,1,1358,1358,1358,100.0,1,A,1
gene_10546,A,CCGAGTCCTCACTAACCCAC,TCCTTCTCCTCAAGCGACAA,1,UNK,gene_10546,1,1339,1339,1339,100.0,1,A,1
gene_11450,A,GTGAGTGCTGTCCCAAAAGA,TCGCTACCACATCTTGCATG,1,UNK,gene_11450,1,1316,1316,1316,100.0,1,A,1
gene_3882,A,ATGTGAAAGGGGAACATCGC,TGAGAGCACATTGGCTGGAT,1,UNK,gene_3882,1,1308,1308,1308,100.0,1,A,1
gene_10465,A,GCCTGCTGGTTTCACATAAACA,ACGCACAATCTCACTGCTCA,1,UNK,gene_10465,1,1285,1285,1285,100.0,1,A,1
gene_20393,A,CCTTCTCTTTTTGCCTTCTTCCC,CCTGCATCTCCTTGTTCATCTCT,1,UNK,gene_20393,1,1252,1252,1252,100.0,1,A,1
gene_22602,A,GGTGTGTGCCAACAGAGGG,GGCAGAAAAAGGCAGGGAGA,1,UNK,gene_22602,1,1262,1262,1262,100.0,1,A,1
gene_5421,A,TGCCTATCTTGGATTGCCTGC,TCGCCAATTACCCGCACATA,1,UNK,gene_5421,1,1220,1220,1220,100.0,1,A,1
gene_6641,A,AAACCTCCGCTCGAAACGA,GGGTCATCGTGGGTGGTTT,1,UNK,gene_6641,1,1203,1203,1203,100.0,1,A,1
gene_21753,A,GGCCCAACTTTCCCATCGAT,GGAAAGGAACAGGAGGAGTGA,1,UNK,gene_21753,1,1139,1139,1139,100.0,1,A,1
gene_17575,A,TCCTTGGGATGGAAAGCACA,GCGTTGCACATCTGGTCG,1,UNK,gene_17575,1,1564,1564,1564,100.0,1,A,1
