locus_tag	ftype	length_bp	gene	EC_number	COG	product
OADBLABD_00001	CDS	222				hypothetical protein
OADBLABD_00002	CDS	531				hypothetical protein
OADBLABD_00003	CDS	951				hypothetical protein
OADBLABD_00004	CDS	210				hypothetical protein
OADBLABD_00005	CDS	348				hypothetical protein
OADBLABD_00006	CDS	2298				hypothetical protein
OADBLABD_00007	CDS	258				hypothetical protein
OADBLABD_00008	CDS	324	relG	3.1.-.-	COG2026	Toxin RelG
OADBLABD_00009	CDS	201				hypothetical protein
OADBLABD_00010	CDS	507				hypothetical protein
OADBLABD_00011	CDS	1014	gpFI_1			Putative prophage major tail sheath protein
OADBLABD_00012	CDS	558				hypothetical protein
OADBLABD_00013	CDS	1422				hypothetical protein
OADBLABD_00014	CDS	195				hypothetical protein
OADBLABD_00015	CDS	1185				hypothetical protein
OADBLABD_00016	CDS	1935				hypothetical protein
OADBLABD_00017	CDS	684				hypothetical protein
OADBLABD_00018	CDS	489				hypothetical protein
OADBLABD_00019	CDS	813				hypothetical protein
OADBLABD_00020	CDS	498				hypothetical protein
OADBLABD_00021	CDS	390				hypothetical protein
OADBLABD_00022	CDS	1470	ltrA_1		COG3344	Group II intron-encoded protein LtrA
OADBLABD_00023	CDS	420				hypothetical protein
OADBLABD_00024	CDS	492				hypothetical protein
OADBLABD_00025	CDS	1167				hypothetical protein
OADBLABD_00026	CDS	2160				hypothetical protein
OADBLABD_00027	CDS	1116				hypothetical protein
OADBLABD_00028	CDS	1233				hypothetical protein
OADBLABD_00029	CDS	465				hypothetical protein
OADBLABD_00030	CDS	1206				hypothetical protein
OADBLABD_00031	CDS	480				hypothetical protein
OADBLABD_00032	CDS	1482				hypothetical protein
OADBLABD_00033	CDS	1830				hypothetical protein
OADBLABD_00034	CDS	225				hypothetical protein
OADBLABD_00035	CDS	1404				hypothetical protein
OADBLABD_00036	CDS	1062				hypothetical protein
OADBLABD_00037	CDS	369				hypothetical protein
OADBLABD_00038	CDS	1005				hypothetical protein
OADBLABD_00039	CDS	321				hypothetical protein
OADBLABD_00040	CDS	498				hypothetical protein
OADBLABD_00041	CDS	477				hypothetical protein
OADBLABD_00042	CDS	465				hypothetical protein
OADBLABD_00043	CDS	201				hypothetical protein
OADBLABD_00044	CDS	1023				IS110 family transposase ISWen2
OADBLABD_00045	CDS	105				hypothetical protein
OADBLABD_00046	CDS	336				hypothetical protein
OADBLABD_00047	CDS	801				hypothetical protein
OADBLABD_00048	CDS	1161				hypothetical protein
OADBLABD_00049	CDS	702				hypothetical protein
OADBLABD_00050	CDS	480				hypothetical protein
OADBLABD_00051	CDS	435				hypothetical protein
OADBLABD_00052	CDS	1488				hypothetical protein
OADBLABD_00053	CDS	171				hypothetical protein
OADBLABD_00054	CDS	348				hypothetical protein
OADBLABD_00055	CDS	330				hypothetical protein
OADBLABD_00056	CDS	1956				hypothetical protein
OADBLABD_00057	CDS	1440				hypothetical protein
OADBLABD_00058	CDS	1332				hypothetical protein
OADBLABD_00059	CDS	231				hypothetical protein
OADBLABD_00060	CDS	267				hypothetical protein
OADBLABD_00061	CDS	1548				hypothetical protein
OADBLABD_00062	CDS	204				hypothetical protein
OADBLABD_00063	CDS	984				hypothetical protein
OADBLABD_00064	CDS	888	ubiA	2.5.1.39	COG0382	4-hydroxybenzoate octaprenyltransferase
OADBLABD_00065	CDS	351	rbfA			Ribosome-binding factor A
OADBLABD_00066	CDS	2322	infB			Translation initiation factor IF-2
OADBLABD_00067	CDS	1554	nusA		COG0195	Transcription termination/antitermination protein NusA
OADBLABD_00068	CDS	3084	ttgE			Toluene efflux pump membrane transporter TtgE
OADBLABD_00069	CDS	591				hypothetical protein
OADBLABD_00070	CDS	732				hypothetical protein
OADBLABD_00071	CDS	1383	dnaA_1			Chromosomal replication initiator protein DnaA
OADBLABD_00072	CDS	876	secF			Protein translocase subunit SecF
OADBLABD_00073	CDS	525				hypothetical protein
OADBLABD_00074	CDS	1710	yidC			Membrane protein insertase YidC
OADBLABD_00075	CDS	429	ribH1	2.5.1.78	COG0054	6,7-dimethyl-8-ribityllumazine synthase 1
OADBLABD_00076	CDS	483	nusB			Transcription antitermination protein NusB
OADBLABD_00077	CDS	462	dut	3.6.1.23		Deoxyuridine 5'-triphosphate nucleotidohydrolase
OADBLABD_00078	CDS	294				hypothetical protein
OADBLABD_00079	CDS	531				hypothetical protein
OADBLABD_00080	CDS	456				hypothetical protein
OADBLABD_00081	CDS	390				hypothetical protein
OADBLABD_00082	CDS	735				hypothetical protein
OADBLABD_00083	CDS	1077				hypothetical protein
OADBLABD_00084	CDS	375	acpS	2.7.8.7	COG0736	Holo-[acyl-carrier-protein] synthase
OADBLABD_00085	CDS	1260	proS	6.1.1.15	COG0442	Proline--tRNA ligase
OADBLABD_00086	CDS	495				hypothetical protein
OADBLABD_00087	CDS	1176	dxr	1.1.1.267		1-deoxy-D-xylulose 5-phosphate reductoisomerase
OADBLABD_00088	CDS	855				hypothetical protein
OADBLABD_00089	CDS	759	pstB	7.3.2.1		Phosphate import ATP-binding protein PstB
OADBLABD_00090	CDS	795	dapB	1.17.1.8	COG0289	4-hydroxy-tetrahydrodipicolinate reductase
OADBLABD_00091	CDS	198				hypothetical protein
OADBLABD_00092	CDS	1164				hypothetical protein
OADBLABD_00093	CDS	681	pyrF	4.1.1.23	COG0284	Orotidine 5'-phosphate decarboxylase
OADBLABD_00094	CDS	1167	smc_1			Chromosome partition protein Smc
OADBLABD_00095	CDS	2112	smc_2			Chromosome partition protein Smc
OADBLABD_00096	CDS	2565	valS	6.1.1.9		Valine--tRNA ligase
OADBLABD_00097	CDS	723				hypothetical protein
OADBLABD_00098	CDS	996				hypothetical protein
OADBLABD_00099	CDS	240				hypothetical protein
OADBLABD_00100	CDS	1110	bamB		COG1520	Outer membrane protein assembly factor BamB
OADBLABD_00101	CDS	1380	lpd3	1.8.1.4	COG1249	Dihydrolipoyl dehydrogenase 3
OADBLABD_00102	CDS	837	xerD_1		COG4974	Tyrosine recombinase XerD
OADBLABD_00103	CDS	3240				hypothetical protein
OADBLABD_00104	CDS	1422	gatB	6.3.5.-	COG0064	Aspartyl/glutamyl-tRNA(Asn/Gln) amidotransferase subunit B
OADBLABD_00105	CDS	981	acoA	1.1.1.-	COG1071	Acetoin:2,6-dichlorophenolindophenol oxidoreductase subunit alpha
OADBLABD_00106	CDS	429				hypothetical protein
OADBLABD_00107	CDS	1512	prsE			Type I secretion system membrane fusion protein PrsE
OADBLABD_00108	CDS	348				hypothetical protein
OADBLABD_00109	CDS	330				hypothetical protein
OADBLABD_00110	CDS	765	ctaC	1.9.3.1	COG1622	Cytochrome c oxidase subunit 2
OADBLABD_00111	CDS	1551	ctaD	1.9.3.1	COG0843	Cytochrome c oxidase subunit 1
OADBLABD_00112	CDS	888	ctaB	2.5.1.141	COG0109	Protoheme IX farnesyltransferase
OADBLABD_00113	CDS	438	rnhA_1	3.1.26.4	COG0328	Ribonuclease HI
OADBLABD_00114	CDS	2937				hypothetical protein
OADBLABD_00115	CDS	432				hypothetical protein
OADBLABD_00116	CDS	1395	cysS	6.1.1.16	COG0215	Cysteine--tRNA ligase
OADBLABD_00117	CDS	657				hypothetical protein
OADBLABD_00118	CDS	654				hypothetical protein
OADBLABD_00119	CDS	168	tatA			Sec-independent protein translocase protein TatA
OADBLABD_00120	CDS	738	fbpC2	7.2.2.7	COG3842	Fe(3+) ions import ATP-binding protein FbpC 2
OADBLABD_00121	tRNA	75				tRNA-Arg(cct)
OADBLABD_00122	CDS	1362				hypothetical protein
OADBLABD_00123	CDS	924	glpX	3.1.3.11	COG1494	Fructose-1,6-bisphosphatase class 2
OADBLABD_00124	CDS	1266				hypothetical protein
OADBLABD_00125	CDS	1095	ychF		COG0012	Ribosome-binding ATPase YchF
OADBLABD_00126	CDS	1182				hypothetical protein
OADBLABD_00127	CDS	777	fabI	1.3.1.9	COG0623	Enoyl-[acyl-carrier-protein] reductase [NADH] FabI
OADBLABD_00128	CDS	243				hypothetical protein
OADBLABD_00129	CDS	234				hypothetical protein
OADBLABD_00130	CDS	390				hypothetical protein
OADBLABD_00131	CDS	1170	ubiL_1	1.14.13.-	COG0654	Ubiquinone hydroxylase UbiL
OADBLABD_00132	CDS	234				hypothetical protein
OADBLABD_00133	CDS	243				hypothetical protein
OADBLABD_00134	CDS	147				hypothetical protein
OADBLABD_00135	CDS	627	rlpA	4.2.2.-		Endolytic peptidoglycan transglycosylase RlpA
OADBLABD_00136	CDS	1329			COG3385	IS4 family transposase ISWen1
OADBLABD_00137	CDS	915				hypothetical protein
OADBLABD_00138	CDS	234				hypothetical protein
OADBLABD_00139	CDS	243				hypothetical protein
OADBLABD_00140	CDS	642	gph	3.1.3.18	COG0546	Phosphoglycolate phosphatase
OADBLABD_00141	CDS	474				hypothetical protein
OADBLABD_00142	CDS	477	bfr	1.16.3.1	COG2193	Bacterioferritin
OADBLABD_00143	CDS	504				hypothetical protein
OADBLABD_00144	CDS	999	murC_1	6.3.2.8		UDP-N-acetylmuramate--L-alanine ligase
OADBLABD_00145	CDS	303				hypothetical protein
OADBLABD_00146	CDS	1272	eno	4.2.1.11		Enolase
OADBLABD_00147	CDS	1023	obg	3.6.5.-		GTPase Obg
OADBLABD_00148	tmRNA	333	ssrA			transfer-messenger RNA, SsrA
OADBLABD_00149	CDS	429				hypothetical protein
OADBLABD_00150	CDS	243				hypothetical protein
OADBLABD_00151	CDS	234				hypothetical protein
OADBLABD_00152	CDS	600	ahpC	1.11.1.15	COG0450	Alkyl hydroperoxide reductase C
OADBLABD_00153	CDS	948	trxB	1.8.1.9	COG0492	Thioredoxin reductase
OADBLABD_00154	CDS	1314				hypothetical protein
OADBLABD_00155	CDS	1422	ubiB	2.7.-.-	COG0661	putative protein kinase UbiB
OADBLABD_00156	CDS	732	znuC	7.2.2.-	COG1121	Zinc import ATP-binding protein ZnuC
OADBLABD_00157	CDS	723	znuA		COG4531	High-affinity zinc uptake system protein ZnuA
OADBLABD_00158	CDS	201	rpmG2		COG0267	50S ribosomal protein L33 2
OADBLABD_00159	CDS	1758	rne	3.1.26.12	COG1530	Ribonuclease E
OADBLABD_00160	CDS	1923	dnaK		COG0443	Chaperone protein DnaK
OADBLABD_00161	CDS	285	bolA		COG0271	DNA-binding transcriptional regulator BolA
OADBLABD_00162	CDS	1233	aar	5.1.1.1	COG0626	L-alanine/L-glutamate racemase
OADBLABD_00163	CDS	1563	murE	6.3.2.7		UDP-N-acetylmuramoyl-L-alanyl-D-glutamate--2,6-diaminopimelate ligase
OADBLABD_00164	CDS	126				hypothetical protein
OADBLABD_00165	CDS	885	miaA	2.5.1.75	COG0324	tRNA dimethylallyltransferase
OADBLABD_00166	CDS	471				hypothetical protein
OADBLABD_00167	CDS	588	ywlC	2.7.7.87	COG0009	Threonylcarbamoyl-AMP synthase
OADBLABD_00168	CDS	852				hypothetical protein
OADBLABD_00169	CDS	795				hypothetical protein
OADBLABD_00170	CDS	660				hypothetical protein
OADBLABD_00171	CDS	1509	mrpA		COG1009	Na(+)/H(+) antiporter subunit A
OADBLABD_00172	CDS	1443	dnaB	3.6.4.12	COG0305	Replicative DNA helicase
OADBLABD_00173	tRNA	84				tRNA-Leu(caa)
OADBLABD_00174	CDS	618				hypothetical protein
OADBLABD_00175	CDS	234				hypothetical protein
OADBLABD_00176	CDS	243				hypothetical protein
OADBLABD_00177	CDS	279				hypothetical protein
OADBLABD_00178	CDS	2109				hypothetical protein
OADBLABD_00179	CDS	549				hypothetical protein
OADBLABD_00180	CDS	636				hypothetical protein
OADBLABD_00181	CDS	1281	ispG	1.17.7.3	COG0821	4-hydroxy-3-methylbut-2-en-1-yl diphosphate synthase (flavodoxin)
OADBLABD_00182	CDS	1209	dnaJ_1			Chaperone protein DnaJ
OADBLABD_00183	CDS	93				hypothetical protein
OADBLABD_00184	CDS	924			COG3385	IS4 family transposase ISWen1
OADBLABD_00185	CDS	330				hypothetical protein
OADBLABD_00186	CDS	348				hypothetical protein
OADBLABD_00187	CDS	171				hypothetical protein
OADBLABD_00188	CDS	1329			COG3385	IS4 family transposase ISWen1
OADBLABD_00189	CDS	426	tadA	3.5.4.33	COG0590	tRNA-specific adenosine deaminase
OADBLABD_00190	CDS	294				hypothetical protein
OADBLABD_00191	CDS	1608	pyrG	6.3.4.2	COG0504	CTP synthase
OADBLABD_00192	CDS	357				hypothetical protein
OADBLABD_00193	CDS	525	yrdA		COG0663	Protein YrdA
OADBLABD_00194	CDS	819				hypothetical protein
OADBLABD_00195	CDS	141				hypothetical protein
OADBLABD_00196	CDS	750				hypothetical protein
OADBLABD_00197	CDS	1812	nodM	2.6.1.16		Glutamine--fructose-6-phosphate aminotransferase [isomerizing]
OADBLABD_00198	CDS	414				hypothetical protein
OADBLABD_00199	tRNA	77				tRNA-Asp(gtc)
OADBLABD_00200	CDS	816	rpsB		COG0052	30S ribosomal protein S2
OADBLABD_00201	CDS	846	tsf		COG0264	Elongation factor Ts
OADBLABD_00202	CDS	744	pyrH	2.7.4.22	COG0528	Uridylate kinase
OADBLABD_00203	CDS	558	frr		COG0233	Ribosome-recycling factor
OADBLABD_00204	CDS	1017	sphX		COG0226	Protein SphX
OADBLABD_00205	CDS	969				hypothetical protein
OADBLABD_00206	CDS	1458	trkG		COG0168	Trk system potassium uptake protein TrkG
OADBLABD_00207	CDS	558	dcd	3.5.4.13	COG0717	dCTP deaminase
OADBLABD_00208	CDS	1236				hypothetical protein
OADBLABD_00209	tRNA	88				tRNA-Leu(gag)
OADBLABD_00210	CDS	1086	ribBA	3.5.4.25		Riboflavin biosynthesis protein RibBA
OADBLABD_00211	CDS	681				hypothetical protein
OADBLABD_00212	CDS	792	virB9		COG3504	Type IV secretion system protein virB9
OADBLABD_00213	CDS	1512				hypothetical protein
OADBLABD_00214	CDS	993			COG0630	Type IV secretion system protein VirB11
OADBLABD_00215	CDS	2019				hypothetical protein
OADBLABD_00216	CDS	885				hypothetical protein
OADBLABD_00217	CDS	2451	topA	5.6.2.1		DNA topoisomerase 1
OADBLABD_00218	CDS	1203	proP_1			Proline/betaine transporter
OADBLABD_00219	CDS	1344	radA	3.6.4.-	COG1066	DNA repair protein RadA
OADBLABD_00220	CDS	255				hypothetical protein
OADBLABD_00221	CDS	912	ftsY		COG0552	Signal recognition particle receptor FtsY
OADBLABD_00222	CDS	384	iscU		COG0822	Iron-sulfur cluster assembly scaffold protein IscU
OADBLABD_00223	CDS	387	iscA		COG0316	Iron-binding protein IscA
OADBLABD_00224	CDS	459	hscB		COG1076	Co-chaperone protein HscB 
OADBLABD_00225	CDS	1902	hscA		COG0443	Chaperone protein HscA
OADBLABD_00226	CDS	786	lepB	3.4.21.89	COG0681	Signal peptidase I
OADBLABD_00227	CDS	357				hypothetical protein
OADBLABD_00228	CDS	999	bfmBAB	1.2.4.4	COG0022	2-oxoisovalerate dehydrogenase subunit beta
OADBLABD_00229	CDS	1332				hypothetical protein
OADBLABD_00230	CDS	2814	uvrA			UvrABC system protein A
OADBLABD_00231	CDS	705				hypothetical protein
OADBLABD_00232	CDS	219				hypothetical protein
OADBLABD_00233	CDS	960				hypothetical protein
OADBLABD_00234	CDS	1332	ftsH_1	3.4.24.-		ATP-dependent zinc metalloprotease FtsH
OADBLABD_00235	CDS	3189				hypothetical protein
OADBLABD_00236	CDS	1149				hypothetical protein
OADBLABD_00237	CDS	828				hypothetical protein
OADBLABD_00238	CDS	1287	dinG	3.1.-.-		3'-5' exonuclease DinG
OADBLABD_00239	CDS	864	lipA	2.8.1.8		Lipoyl synthase
OADBLABD_00240	CDS	315	rpmB		COG0227	50S ribosomal protein L28
OADBLABD_00241	CDS	324				hypothetical protein
OADBLABD_00242	CDS	195	iscX		COG2975	Protein IscX
OADBLABD_00243	tRNA	87				tRNA-Leu(taa)
OADBLABD_00244	CDS	615	rpsD		COG0522	30S ribosomal protein S4
OADBLABD_00245	CDS	1965	tktA	2.2.1.1	COG0021	Transketolase 1
OADBLABD_00246	CDS	921	prs	2.7.6.1	COG0462	Ribose-phosphate pyrophosphokinase
OADBLABD_00247	CDS	354	GATC	6.3.5.-		Glutamyl-tRNA(Gln) amidotransferase subunit C, chloroplastic/mitochondrial
OADBLABD_00248	CDS	1320	tolB		COG0823	Tol-Pal system protein TolB
OADBLABD_00249	CDS	336				hypothetical protein
OADBLABD_00250	CDS	1668	rnj1	3.1.-.-		Ribonuclease J 1
OADBLABD_00251	CDS	1119	dnaJ_2		COG0484	Chaperone protein DnaJ
OADBLABD_00252	tRNA	78				tRNA-Arg(acg)
OADBLABD_00253	CDS	513				hypothetical protein
OADBLABD_00254	CDS	3078	purL_1	6.3.5.3		Phosphoribosylformylglycinamidine synthase subunit PurL
OADBLABD_00255	CDS	2919				hypothetical protein
OADBLABD_00256	CDS	1407				hypothetical protein
OADBLABD_00257	CDS	1389	fumC	4.2.1.2	COG0114	Fumarate hydratase class II
OADBLABD_00258	CDS	330				hypothetical protein
OADBLABD_00259	CDS	348				hypothetical protein
OADBLABD_00260	CDS	756				hypothetical protein
OADBLABD_00261	CDS	1278			COG3385	IS4 family transposase ISWpi18
OADBLABD_00262	CDS	444				hypothetical protein
OADBLABD_00263	CDS	249				hypothetical protein
OADBLABD_00264	CDS	447				hypothetical protein
OADBLABD_00265	CDS	363				hypothetical protein
OADBLABD_00266	CDS	237				hypothetical protein
OADBLABD_00267	CDS	273				hypothetical protein
OADBLABD_00268	CDS	990	nrdB	1.17.4.1	COG0208	Ribonucleoside-diphosphate reductase subunit beta
OADBLABD_00269	CDS	294	bamE			Outer membrane protein assembly factor BamE
OADBLABD_00270	CDS	528				hypothetical protein
OADBLABD_00271	CDS	729	recO			DNA repair protein RecO
OADBLABD_00272	CDS	1377	pleD			Response regulator PleD
OADBLABD_00273	CDS	291				hypothetical protein
OADBLABD_00274	CDS	4671	gdh	1.4.1.2	COG2902	NAD-specific glutamate dehydrogenase
OADBLABD_00275	CDS	2562	clpB			Chaperone protein ClpB
OADBLABD_00276	CDS	120				hypothetical protein
OADBLABD_00277	CDS	243				hypothetical protein
OADBLABD_00278	CDS	234				hypothetical protein
OADBLABD_00279	CDS	1185				hypothetical protein
OADBLABD_00280	CDS	1278			COG3385	IS4 family transposase ISWpi18
OADBLABD_00281	CDS	348				hypothetical protein
OADBLABD_00282	CDS	330				hypothetical protein
OADBLABD_00283	CDS	1419				hypothetical protein
OADBLABD_00284	CDS	192				hypothetical protein
OADBLABD_00285	CDS	255				hypothetical protein
OADBLABD_00286	CDS	1932				hypothetical protein
OADBLABD_00287	CDS	1176				hypothetical protein
OADBLABD_00288	CDS	4440				hypothetical protein
OADBLABD_00289	CDS	180				hypothetical protein
OADBLABD_00290	CDS	2013				hypothetical protein
OADBLABD_00291	CDS	126				hypothetical protein
OADBLABD_00292	CDS	1491				hypothetical protein
OADBLABD_00293	CDS	435				hypothetical protein
OADBLABD_00294	CDS	465				hypothetical protein
OADBLABD_00295	CDS	702				hypothetical protein
OADBLABD_00296	CDS	1161				hypothetical protein
OADBLABD_00297	CDS	801				hypothetical protein
OADBLABD_00298	CDS	369				hypothetical protein
OADBLABD_00299	CDS	1092	yhcG_1	3.1.-.-	COG4804	Putative nuclease YhcG
OADBLABD_00300	CDS	255				hypothetical protein
OADBLABD_00301	CDS	465				hypothetical protein
OADBLABD_00302	CDS	483				hypothetical protein
OADBLABD_00303	CDS	507				hypothetical protein
OADBLABD_00304	CDS	177				hypothetical protein
OADBLABD_00305	CDS	1344	ltrA_2		COG3344	Group II intron-encoded protein LtrA
OADBLABD_00306	CDS	141				hypothetical protein
OADBLABD_00307	CDS	219				hypothetical protein
OADBLABD_00308	CDS	1005				hypothetical protein
OADBLABD_00309	CDS	372				hypothetical protein
OADBLABD_00310	CDS	1041				hypothetical protein
OADBLABD_00311	CDS	1404				hypothetical protein
OADBLABD_00312	CDS	1032	yhcG_2	3.1.-.-	COG4804	Putative nuclease YhcG
OADBLABD_00313	CDS	225				hypothetical protein
OADBLABD_00314	CDS	1833				hypothetical protein
OADBLABD_00315	CDS	1485				hypothetical protein
OADBLABD_00316	CDS	486				hypothetical protein
OADBLABD_00317	CDS	1221				hypothetical protein
OADBLABD_00318	CDS	477	ruvC_1	3.1.22.4		Crossover junction endodeoxyribonuclease RuvC
OADBLABD_00319	CDS	2115				hypothetical protein
OADBLABD_00320	CDS	525				hypothetical protein
OADBLABD_00321	CDS	825				hypothetical protein
OADBLABD_00322	CDS	807				hypothetical protein
OADBLABD_00323	CDS	501				hypothetical protein
OADBLABD_00324	CDS	1749				hypothetical protein
OADBLABD_00325	CDS	1137				hypothetical protein
OADBLABD_00326	CDS	1212				hypothetical protein
OADBLABD_00327	CDS	684				hypothetical protein
OADBLABD_00328	CDS	1935				hypothetical protein
OADBLABD_00329	CDS	1185				hypothetical protein
OADBLABD_00330	CDS	201				hypothetical protein
OADBLABD_00331	CDS	1272				hypothetical protein
OADBLABD_00332	CDS	555				hypothetical protein
OADBLABD_00333	CDS	1176	gpFI_2			Putative prophage major tail sheath protein
OADBLABD_00334	CDS	507				hypothetical protein
OADBLABD_00335	CDS	258				hypothetical protein
OADBLABD_00336	CDS	1980				hypothetical protein
OADBLABD_00337	CDS	330				hypothetical protein
OADBLABD_00338	CDS	348				hypothetical protein
OADBLABD_00339	CDS	300				hypothetical protein
OADBLABD_00340	CDS	348				hypothetical protein
OADBLABD_00341	CDS	210				hypothetical protein
OADBLABD_00342	CDS	966				hypothetical protein
OADBLABD_00343	CDS	519				hypothetical protein
OADBLABD_00344	CDS	210				hypothetical protein
OADBLABD_00345	CDS	381	pld_1	3.1.4.4		Phospholipase D
OADBLABD_00346	CDS	540				hypothetical protein
OADBLABD_00347	CDS	195				hypothetical protein
OADBLABD_00348	CDS	258				hypothetical protein
OADBLABD_00349	CDS	444				hypothetical protein
OADBLABD_00350	CDS	267				hypothetical protein
OADBLABD_00351	CDS	1548				hypothetical protein
OADBLABD_00352	CDS	240				hypothetical protein
OADBLABD_00353	CDS	252				hypothetical protein
OADBLABD_00354	CDS	156				hypothetical protein
OADBLABD_00355	CDS	6843				hypothetical protein
OADBLABD_00356	CDS	1521				hypothetical protein
OADBLABD_00357	CDS	426				IS630 family transposase ISWpi10
OADBLABD_00358	CDS	1389				hypothetical protein
OADBLABD_00359	CDS	594			COG3039	IS5 family transposase ISRm15
OADBLABD_00360	CDS	126				hypothetical protein
OADBLABD_00361	CDS	255				hypothetical protein
OADBLABD_00362	CDS	624			COG3039	IS5 family transposase ISCaa6
OADBLABD_00363	CDS	2346				hypothetical protein
OADBLABD_00364	CDS	639				hypothetical protein
OADBLABD_00365	CDS	1158	ubiL_2	1.14.13.-	COG0654	Ubiquinone hydroxylase UbiL
OADBLABD_00366	CDS	489				hypothetical protein
OADBLABD_00367	CDS	366				hypothetical protein
OADBLABD_00368	CDS	939				hypothetical protein
OADBLABD_00369	tRNA	74				tRNA-Phe(gaa)
OADBLABD_00370	CDS	507	coaD	2.7.7.3		Phosphopantetheine adenylyltransferase
OADBLABD_00371	CDS	102				hypothetical protein
OADBLABD_00372	CDS	210				hypothetical protein
OADBLABD_00373	CDS	627				hypothetical protein
OADBLABD_00374	CDS	696	ispU	2.5.1.31	COG0020	Ditrans,polycis-undecaprenyl-diphosphate synthase ((2E,6E)-farnesyl-diphosphate specific)
OADBLABD_00375	CDS	1653				hypothetical protein
OADBLABD_00376	CDS	1173	sucB	2.3.1.61	COG0508	Dihydrolipoyllysine-residue succinyltransferase component of 2-oxoglutarate dehydrogenase complex
OADBLABD_00377	CDS	465				IS481 family transposase ISWpi2
OADBLABD_00378	CDS	234				IS481 family transposase ISWpi2
OADBLABD_00379	CDS	348				hypothetical protein
OADBLABD_00380	CDS	330				hypothetical protein
OADBLABD_00381	CDS	132				hypothetical protein
OADBLABD_00382	CDS	399				hypothetical protein
OADBLABD_00383	CDS	927				hypothetical protein
OADBLABD_00384	CDS	909				hypothetical protein
OADBLABD_00385	CDS	1272				hypothetical protein
OADBLABD_00386	CDS	1188				hypothetical protein
OADBLABD_00387	CDS	666				hypothetical protein
OADBLABD_00388	CDS	939				hypothetical protein
OADBLABD_00389	CDS	1791	mutL_1			DNA mismatch repair protein MutL
OADBLABD_00390	CDS	441	rnhA_2	3.1.26.4		Ribonuclease H
OADBLABD_00391	CDS	444				hypothetical protein
OADBLABD_00392	CDS	267				hypothetical protein
OADBLABD_00393	CDS	1548				hypothetical protein
OADBLABD_00394	CDS	786				hypothetical protein
OADBLABD_00395	CDS	8511				hypothetical protein
OADBLABD_00396	CDS	1248				hypothetical protein
OADBLABD_00397	CDS	2244				hypothetical protein
OADBLABD_00398	CDS	1329			COG3385	IS4 family transposase ISWen1
OADBLABD_00399	CDS	708				IS256 family transposase ISWpi15
OADBLABD_00400	CDS	246				IS256 family transposase ISWpi15
OADBLABD_00401	CDS	129				hypothetical protein
OADBLABD_00402	CDS	315				hypothetical protein
OADBLABD_00403	CDS	705	mftC	2.-.-.-	COG0535	Putative mycofactocin radical SAM maturase MftC
OADBLABD_00404	CDS	1329				hypothetical protein
OADBLABD_00405	CDS	411				hypothetical protein
OADBLABD_00406	CDS	1245				hypothetical protein
OADBLABD_00407	CDS	132				hypothetical protein
OADBLABD_00408	CDS	576				IS481 family transposase ISWpi2
OADBLABD_00409	CDS	330				hypothetical protein
OADBLABD_00410	CDS	153				hypothetical protein
OADBLABD_00411	CDS	435			COG3039	IS5 family transposase ISAba37
OADBLABD_00412	CDS	861				hypothetical protein
OADBLABD_00413	CDS	294				hypothetical protein
OADBLABD_00414	CDS	1542				hypothetical protein
OADBLABD_00415	CDS	441				hypothetical protein
OADBLABD_00416	CDS	462				hypothetical protein
OADBLABD_00417	CDS	711				hypothetical protein
OADBLABD_00418	CDS	1167				hypothetical protein
OADBLABD_00419	CDS	750				hypothetical protein
OADBLABD_00420	CDS	792				hypothetical protein
OADBLABD_00421	CDS	336				hypothetical protein
OADBLABD_00422	CDS	819				hypothetical protein
OADBLABD_00423	CDS	255				hypothetical protein
OADBLABD_00424	CDS	465				hypothetical protein
OADBLABD_00425	CDS	474				hypothetical protein
OADBLABD_00426	CDS	294				hypothetical protein
OADBLABD_00427	CDS	210				hypothetical protein
OADBLABD_00428	CDS	180				hypothetical protein
OADBLABD_00429	CDS	1344	ltrA_3		COG3344	Group II intron-encoded protein LtrA
OADBLABD_00430	CDS	141				hypothetical protein
OADBLABD_00431	CDS	219				hypothetical protein
OADBLABD_00432	CDS	1278			COG3385	IS4 family transposase ISWpi18
OADBLABD_00433	CDS	105				hypothetical protein
OADBLABD_00434	CDS	756	tatC		COG0805	Sec-independent protein translocase protein TatC
OADBLABD_00435	CDS	972	gapB	1.2.1.59	COG0057	Glyceraldehyde-3-phosphate dehydrogenase 2
OADBLABD_00436	CDS	360				hypothetical protein
OADBLABD_00437	CDS	129				hypothetical protein
OADBLABD_00438	CDS	219				hypothetical protein
OADBLABD_00439	CDS	534				hypothetical protein
OADBLABD_00440	CDS	1701				hypothetical protein
OADBLABD_00441	CDS	1227	cca	2.7.7.72		CCA-adding enzyme
OADBLABD_00442	CDS	858				hypothetical protein
OADBLABD_00443	CDS	1830	typA		COG1217	GTP-binding protein TypA/BipA
OADBLABD_00444	CDS	1350	gltX1	6.1.1.17	COG0008	Glutamate--tRNA ligase 1
OADBLABD_00445	CDS	1032				hypothetical protein
OADBLABD_00446	CDS	183				hypothetical protein
OADBLABD_00447	CDS	810	znuB		COG1108	High-affinity zinc uptake system membrane protein ZnuB
OADBLABD_00448	CDS	348				hypothetical protein
OADBLABD_00449	CDS	867	ispE	2.7.1.148	COG1947	4-diphosphocytidyl-2-C-methyl-D-erythritol kinase
OADBLABD_00450	CDS	3264	addA	3.6.4.12		ATP-dependent helicase/nuclease subunit A
OADBLABD_00451	CDS	132				hypothetical protein
OADBLABD_00452	CDS	576				IS481 family transposase ISWpi2
OADBLABD_00453	CDS	330				hypothetical protein
OADBLABD_00454	CDS	348				hypothetical protein
OADBLABD_00455	CDS	798	ygfZ			tRNA-modifying protein YgfZ
OADBLABD_00456	CDS	291	groS1		COG0234	10 kDa chaperonin 1
OADBLABD_00457	CDS	1659	groL5			60 kDa chaperonin 5
OADBLABD_00458	CDS	504				hypothetical protein
OADBLABD_00459	CDS	891				hypothetical protein
OADBLABD_00460	CDS	228				hypothetical protein
OADBLABD_00461	CDS	1422	alsT_1		COG1115	Amino-acid carrier protein AlsT
OADBLABD_00462	CDS	2001				hypothetical protein
OADBLABD_00463	CDS	591	yhdE	3.6.1.9	COG0424	dTTP/UTP pyrophosphatase
OADBLABD_00464	CDS	264	infA			Translation initiation factor IF-1
OADBLABD_00465	CDS	2130				hypothetical protein
OADBLABD_00466	CDS	1278	purA	6.3.4.4	COG0104	Adenylosuccinate synthetase
OADBLABD_00467	CDS	1533				hypothetical protein
OADBLABD_00468	CDS	939	argB	2.7.2.8	COG0548	Acetylglutamate kinase
OADBLABD_00469	CDS	594	engB			GTP-binding protein EngB
OADBLABD_00470	CDS	1092	prfA		COG0216	Peptide chain release factor 1
OADBLABD_00471	CDS	444				hypothetical protein
OADBLABD_00472	CDS	930				hypothetical protein
OADBLABD_00473	CDS	558				hypothetical protein
OADBLABD_00474	CDS	1161	mdtM			Multidrug resistance protein MdtM
OADBLABD_00475	CDS	957	murC_2	6.3.2.8		UDP-N-acetylmuramate--L-alanine ligase
OADBLABD_00476	CDS	234				hypothetical protein
OADBLABD_00477	CDS	243				hypothetical protein
OADBLABD_00478	CDS	1530	metG	6.1.1.10		Methionine--tRNA ligase
OADBLABD_00479	CDS	912				hypothetical protein
OADBLABD_00480	CDS	1404				hypothetical protein
OADBLABD_00481	CDS	579	coaE	2.7.1.24	COG0237	Dephospho-CoA kinase
OADBLABD_00482	CDS	1185	rnd_1	3.1.13.5	COG0349	Ribonuclease D
OADBLABD_00483	CDS	1320	pyrC	3.5.2.3	COG0044	Dihydroorotase
OADBLABD_00484	CDS	234				hypothetical protein
OADBLABD_00485	CDS	243				hypothetical protein
OADBLABD_00486	CDS	234				hypothetical protein
OADBLABD_00487	CDS	234				hypothetical protein
OADBLABD_00488	CDS	261				hypothetical protein
OADBLABD_00489	CDS	1278				hypothetical protein
OADBLABD_00490	CDS	1005				hypothetical protein
OADBLABD_00491	CDS	735				hypothetical protein
OADBLABD_00492	CDS	234				hypothetical protein
OADBLABD_00493	CDS	672				hypothetical protein
OADBLABD_00494	CDS	681				hypothetical protein
OADBLABD_00495	CDS	321				hypothetical protein
OADBLABD_00496	CDS	315				hypothetical protein
OADBLABD_00497	CDS	132				hypothetical protein
OADBLABD_00498	CDS	576				IS481 family transposase ISWpi2
OADBLABD_00499	CDS	606	OSGEPL1	2.3.1.234		tRNA N6-adenosine threonylcarbamoyltransferase, mitochondrial
OADBLABD_00500	CDS	1131				hypothetical protein
OADBLABD_00501	CDS	1167	COQ3_1	2.1.1.222		Ubiquinone biosynthesis O-methyltransferase, mitochondrial
OADBLABD_00502	CDS	1734	dnaG	2.7.7.-		DNA primase
OADBLABD_00503	CDS	1299				hypothetical protein
OADBLABD_00504	CDS	348	ddmB			Dicamba O-demethylase, ferredoxin component
OADBLABD_00505	CDS	1014				hypothetical protein
OADBLABD_00506	CDS	447				hypothetical protein
OADBLABD_00507	CDS	1329			COG3385	IS4 family transposase ISWen1
OADBLABD_00508	CDS	171				hypothetical protein
OADBLABD_00509	CDS	576				IS481 family transposase ISWpi2
OADBLABD_00510	CDS	132				hypothetical protein
OADBLABD_00511	CDS	2019	smc_3			Chromosome partition protein Smc
OADBLABD_00512	CDS	432				hypothetical protein
OADBLABD_00513	CDS	624	ccmA	7.6.2.5	COG4133	Cytochrome c biogenesis ATP-binding export protein CcmA
OADBLABD_00514	CDS	1707	argS	6.1.1.19		Arginine--tRNA ligase
OADBLABD_00515	CDS	1344				hypothetical protein
OADBLABD_00516	CDS	525				hypothetical protein
OADBLABD_00517	CDS	216				hypothetical protein
OADBLABD_00518	CDS	1698		3.6.3.-	COG1132	Putative multidrug export ATP-binding/permease protein
OADBLABD_00519	CDS	699	ubiE	2.1.1.163	COG2226	Ubiquinone/menaquinone biosynthesis C-methyltransferase UbiE
OADBLABD_00520	CDS	1155	mdtL			Multidrug resistance protein MdtL
OADBLABD_00521	CDS	1977				hypothetical protein
OADBLABD_00522	CDS	681				hypothetical protein
OADBLABD_00523	CDS	285				hypothetical protein
OADBLABD_00524	CDS	870				hypothetical protein
OADBLABD_00525	CDS	1041				hypothetical protein
OADBLABD_00526	CDS	741			COG0217	putative transcriptional regulatory protein
OADBLABD_00527	CDS	678	bamD		COG4105	Outer membrane protein assembly factor BamD
OADBLABD_00528	CDS	1008				hypothetical protein
OADBLABD_00529	CDS	543	pgsA	2.7.8.5	COG0558	CDP-diacylglycerol--glycerol-3-phosphate 3-phosphatidyltransferase
OADBLABD_00530	CDS	1320	tme	1.1.1.40	COG0280	NADP-dependent malic enzyme
OADBLABD_00531	CDS	219			COG0271	putative protein RP812
OADBLABD_00532	CDS	324	grxD		COG0278	Glutaredoxin 4
OADBLABD_00533	CDS	1764				hypothetical protein
OADBLABD_00534	CDS	1035	aaeA			p-hydroxybenzoic acid efflux pump subunit AaeA
OADBLABD_00535	CDS	1302				hypothetical protein
OADBLABD_00536	CDS	2679	ppdK	2.7.9.1	COG0574	Pyruvate, phosphate dikinase
OADBLABD_00537	CDS	735	fabG	1.1.1.100		3-oxoacyl-[acyl-carrier-protein] reductase FabG
OADBLABD_00538	CDS	336				hypothetical protein
OADBLABD_00539	CDS	1290	bepA	3.4.-.-	COG4783	Beta-barrel assembly-enhancing protease
OADBLABD_00540	CDS	645	ribB	4.1.99.12	COG0108	3,4-dihydroxy-2-butanone 4-phosphate synthase
OADBLABD_00541	CDS	495	greA		COG0782	Transcription elongation factor GreA
OADBLABD_00542	CDS	1542	atpA	7.1.2.2	COG0056	ATP synthase subunit alpha
OADBLABD_00543	CDS	549	atpH_1		COG0712	ATP synthase subunit delta
OADBLABD_00544	CDS	354				hypothetical protein
OADBLABD_00545	CDS	429	rplQ		COG0203	50S ribosomal protein L17
OADBLABD_00546	CDS	1068	rpoA	2.7.7.6	COG0202	DNA-directed RNA polymerase subunit alpha
OADBLABD_00547	CDS	387	rpsK			30S ribosomal protein S11
OADBLABD_00548	CDS	369	rpsM		COG0099	30S ribosomal protein S13
OADBLABD_00549	CDS	642	adk	2.7.4.3	COG0563	Adenylate kinase
OADBLABD_00550	CDS	1329	secY		COG0201	Protein translocase subunit SecY
OADBLABD_00551	CDS	471	rplO		COG0200	50S ribosomal protein L15
OADBLABD_00552	CDS	513	rpsE		COG0098	30S ribosomal protein S5
OADBLABD_00553	CDS	372	rplR		COG0256	50S ribosomal protein L18
OADBLABD_00554	CDS	546	rplF		COG0097	50S ribosomal protein L6
OADBLABD_00555	CDS	471	rpsH		COG0096	30S ribosomal protein S8
OADBLABD_00556	CDS	309	rpsN		COG0199	30S ribosomal protein S14
OADBLABD_00557	CDS	537	rplE			50S ribosomal protein L5
OADBLABD_00558	CDS	318	rplX			50S ribosomal protein L24
OADBLABD_00559	CDS	360	rplN		COG0093	50S ribosomal protein L14
OADBLABD_00560	CDS	231	rpsQ		COG0186	30S ribosomal protein S17
OADBLABD_00561	CDS	204				hypothetical protein
OADBLABD_00562	CDS	414	rplP		COG0197	50S ribosomal protein L16
OADBLABD_00563	CDS	621	rpsC		COG0092	30S ribosomal protein S3
OADBLABD_00564	CDS	351	rplV		COG0091	50S ribosomal protein L22
OADBLABD_00565	CDS	285	rpsS		COG0185	30S ribosomal protein S19
OADBLABD_00566	CDS	825	rplB		COG0090	50S ribosomal protein L2
OADBLABD_00567	CDS	288	rplW		COG0089	50S ribosomal protein L23
OADBLABD_00568	CDS	615	rplD			50S ribosomal protein L4
OADBLABD_00569	CDS	723	rplC		COG0087	50S ribosomal protein L3
OADBLABD_00570	CDS	339	rpsJ		COG0051	30S ribosomal protein S10
OADBLABD_00571	CDS	1173	tufA_1		COG0050	Elongation factor Tu
OADBLABD_00572	tRNA	72				tRNA-Gly(tcc)
OADBLABD_00573	tRNA	84				tRNA-Tyr(gta)
OADBLABD_00574	CDS	1089	carA	6.3.5.5	COG0505	Carbamoyl-phosphate synthase small chain
OADBLABD_00575	CDS	630		1.-.-.-	COG1028	putative oxidoreductase
OADBLABD_00576	CDS	468				hypothetical protein
OADBLABD_00577	CDS	645	tal	2.2.1.2	COG0176	Transaldolase
OADBLABD_00578	CDS	2283	smc_4			Chromosome partition protein Smc
OADBLABD_00579	CDS	342	atpC			ATP synthase epsilon chain
OADBLABD_00580	CDS	1437	atpD	7.1.2.2	COG0055	ATP synthase subunit beta
OADBLABD_00581	CDS	1089				hypothetical protein
OADBLABD_00582	CDS	135	rpmH		COG0230	50S ribosomal protein L34
OADBLABD_00583	CDS	156				hypothetical protein
OADBLABD_00584	CDS	210				hypothetical protein
OADBLABD_00585	rRNA	101				5S ribosomal RNA
OADBLABD_00586	rRNA	2755				23S ribosomal RNA
OADBLABD_00587	CDS	1071	COQ3_2	2.1.1.222		Ubiquinone biosynthesis O-methyltransferase, mitochondrial
OADBLABD_00588	CDS	1785	nrdZ	1.17.4.1		Vitamin B12-dependent ribonucleoside-diphosphate reductase
OADBLABD_00589	CDS	468		3.1.-.-	COG0816	Putative pre-16S rRNA nuclease
OADBLABD_00590	CDS	489	ruvC_2	3.1.22.4	COG0817	Crossover junction endodeoxyribonuclease RuvC
OADBLABD_00591	CDS	828	ctaE	1.9.3.1	COG1845	Cytochrome c oxidase subunit 3
OADBLABD_00592	CDS	660	tenA_1	3.5.99.2	COG0819	Aminopyrimidine aminohydrolase
OADBLABD_00593	CDS	666	tenA_2	3.5.99.2	COG0819	Aminopyrimidine aminohydrolase
OADBLABD_00594	CDS	1167	metK	2.5.1.6		S-adenosylmethionine synthase
OADBLABD_00595	tRNA	77				tRNA-Ile(gat)
OADBLABD_00596	CDS	270	rpmA		COG0211	50S ribosomal protein L27
OADBLABD_00597	CDS	303	rplU		COG0261	50S ribosomal protein L21
OADBLABD_00598	CDS	465				hypothetical protein
OADBLABD_00599	CDS	471				hypothetical protein
OADBLABD_00600	CDS	570				hypothetical protein
OADBLABD_00601	CDS	1236	glmU_1		COG1207	Bifunctional protein GlmU
OADBLABD_00602	CDS	1044	pheS	6.1.1.20	COG0016	Phenylalanine--tRNA ligase alpha subunit
OADBLABD_00603	CDS	219				hypothetical protein
OADBLABD_00604	CDS	1905				hypothetical protein
OADBLABD_00605	CDS	597	ribE	2.5.1.9		Riboflavin synthase
OADBLABD_00606	CDS	588				hypothetical protein
OADBLABD_00607	CDS	1326	algC	5.4.2.2	COG1109	Phosphomannomutase/phosphoglucomutase
OADBLABD_00608	CDS	2028				hypothetical protein
OADBLABD_00609	CDS	1554				hypothetical protein
OADBLABD_00610	CDS	708				hypothetical protein
OADBLABD_00611	CDS	783	xthA	3.1.11.2	COG0708	Exodeoxyribonuclease III
OADBLABD_00612	CDS	945				hypothetical protein
OADBLABD_00613	CDS	2529	polA	2.7.7.7		DNA polymerase I, thermostable
OADBLABD_00614	CDS	1467	gatA	6.3.5.7	COG0154	Glutamyl-tRNA(Gln) amidotransferase subunit A
OADBLABD_00615	CDS	2373	gyrB	5.6.2.2		DNA gyrase subunit B
OADBLABD_00616	CDS	1233				hypothetical protein
OADBLABD_00617	CDS	867				hypothetical protein
OADBLABD_00618	CDS	684	psd	4.1.1.65	COG0688	Phosphatidylserine decarboxylase proenzyme
OADBLABD_00619	CDS	771				hypothetical protein
OADBLABD_00620	CDS	1338	alsT_2		COG1115	Amino-acid carrier protein AlsT
OADBLABD_00621	CDS	1467	alsT_3		COG1115	Amino-acid carrier protein AlsT
OADBLABD_00622	CDS	576	plsY	2.3.1.275	COG0344	Glycerol-3-phosphate acyltransferase
OADBLABD_00623	CDS	1812				hypothetical protein
OADBLABD_00624	CDS	897	zitB		COG1230	Zinc transporter ZitB
OADBLABD_00625	tRNA	74				tRNA-Val(gac)
OADBLABD_00626	CDS	3507				hypothetical protein
OADBLABD_00627	CDS	1953				hypothetical protein
OADBLABD_00628	CDS	768		2.1.1.-		Putative TrmH family tRNA/rRNA methyltransferase
OADBLABD_00629	CDS	492				hypothetical protein
OADBLABD_00630	CDS	1818	uvrC		COG0322	UvrABC system protein C
OADBLABD_00631	CDS	2109	glyS	6.1.1.14	COG0751	Glycine--tRNA ligase beta subunit
OADBLABD_00632	CDS	840	glyQ	6.1.1.14	COG0752	Glycine--tRNA ligase alpha subunit
OADBLABD_00633	CDS	759				hypothetical protein
OADBLABD_00634	CDS	999	hemB	4.2.1.24	COG0113	Delta-aminolevulinic acid dehydratase
OADBLABD_00635	CDS	1026	nuoH	7.1.1.-	COG1005	NADH-quinone oxidoreductase subunit H
OADBLABD_00636	CDS	450				hypothetical protein
OADBLABD_00637	CDS	2070	nqo3	7.1.1.-	COG1034	NADH-quinone oxidoreductase chain 3
OADBLABD_00638	CDS	213				hypothetical protein
OADBLABD_00639	CDS	1458	pepA	3.4.11.10		cytosol aminopeptidase
OADBLABD_00640	CDS	642				hypothetical protein
OADBLABD_00641	CDS	3141	putA		COG0506	Bifunctional protein PutA
OADBLABD_00642	CDS	2604	acn	4.2.1.3	COG1048	Aconitate hydratase A
OADBLABD_00643	CDS	504	secB		COG1952	Protein-export protein SecB
OADBLABD_00644	CDS	660				hypothetical protein
OADBLABD_00645	CDS	705	dnaQ	2.7.7.7	COG0847	DNA polymerase III subunit epsilon
OADBLABD_00646	CDS	600	ypmQ		COG1999	SCO1 protein 
OADBLABD_00647	CDS	702	rnc	3.1.26.3		Ribonuclease 3
OADBLABD_00648	CDS	1068	pyrD	1.3.5.2	COG0167	Dihydroorotate dehydrogenase (quinone)
OADBLABD_00649	CDS	348				hypothetical protein
OADBLABD_00650	CDS	330				hypothetical protein
OADBLABD_00651	CDS	798				hypothetical protein
OADBLABD_00652	tRNA	73				tRNA-Cys(gca)
OADBLABD_00653	CDS	897	fbaB	4.1.2.13	COG1830	Fructose-bisphosphate aldolase class 1
OADBLABD_00654	CDS	999				hypothetical protein
OADBLABD_00655	CDS	2280	clpA		COG0542	ATP-dependent Clp protease ATP-binding subunit ClpA
OADBLABD_00656	CDS	1227	cshA	3.6.4.13	COG0513	DEAD-box ATP-dependent RNA helicase CshA
OADBLABD_00657	CDS	252	cspA		COG1278	Cold shock protein CspA
OADBLABD_00658	CDS	1335	pmbA	3.4.-.-	COG0312	Metalloprotease PmbA
OADBLABD_00659	CDS	873	atpG		COG0224	ATP synthase gamma chain
OADBLABD_00660	CDS	1221				hypothetical protein
OADBLABD_00661	CDS	732				hypothetical protein
OADBLABD_00662	CDS	1230	lolE		COG4591	Lipoprotein-releasing system transmembrane protein LolE
OADBLABD_00663	CDS	1302	algA		COG0662	Alginate biosynthesis protein AlgA
OADBLABD_00664	CDS	1242				hypothetical protein
OADBLABD_00665	CDS	366				hypothetical protein
OADBLABD_00666	CDS	378				hypothetical protein
OADBLABD_00667	rRNA	1500				16S ribosomal RNA
OADBLABD_00668	CDS	552				hypothetical protein
OADBLABD_00669	CDS	144				hypothetical protein
OADBLABD_00670	CDS	147				hypothetical protein
OADBLABD_00671	CDS	1899	rpoD		COG0568	RNA polymerase sigma factor RpoD
OADBLABD_00672	CDS	303	mnhC1		COG1006	Na(+)/H(+) antiporter subunit C1
OADBLABD_00673	CDS	420				hypothetical protein
OADBLABD_00674	CDS	525				hypothetical protein
OADBLABD_00675	CDS	273				hypothetical protein
OADBLABD_00676	CDS	201				hypothetical protein
OADBLABD_00677	CDS	393	rpoZ	2.7.7.6		DNA-directed RNA polymerase subunit omega
OADBLABD_00678	CDS	297				hypothetical protein
OADBLABD_00679	CDS	501	purE	5.4.99.18	COG0041	N5-carboxyaminoimidazole ribonucleotide mutase
OADBLABD_00680	CDS	1830	mutL_2			DNA mismatch repair protein MutL
OADBLABD_00681	CDS	1026	hflK		COG0330	Modulator of FtsH protease HflK
OADBLABD_00682	CDS	873	hflC		COG0330	Modulator of FtsH protease HflC
OADBLABD_00683	CDS	1464	degP	3.4.21.107	COG0265	Periplasmic serine endoprotease DegP
OADBLABD_00684	CDS	4467				hypothetical protein
OADBLABD_00685	CDS	1323				hypothetical protein
OADBLABD_00686	CDS	1095	ftsH_2	3.4.24.-		ATP-dependent zinc metalloprotease FtsH
OADBLABD_00687	CDS	1134				hypothetical protein
OADBLABD_00688	CDS	1398				hypothetical protein
OADBLABD_00689	CDS	522				hypothetical protein
OADBLABD_00690	CDS	645	trmB	2.1.1.33	COG0220	tRNA (guanine-N(7)-)-methyltransferase
OADBLABD_00691	CDS	1653	rpsA		COG0539	30S ribosomal protein S1
OADBLABD_00692	CDS	279	ihfB			Integration host factor subunit beta
OADBLABD_00693	CDS	318				hypothetical protein
OADBLABD_00694	CDS	267				hypothetical protein
OADBLABD_00695	CDS	1116	mmpA	3.4.24.-	COG0750	Metalloprotease MmpA
OADBLABD_00696	CDS	2355	bamA		COG4775	Outer membrane protein assembly factor BamA
OADBLABD_00697	CDS	561				hypothetical protein
OADBLABD_00698	CDS	432	fabZ	4.2.1.59	COG0764	3-hydroxyacyl-[acyl-carrier-protein] dehydratase FabZ
OADBLABD_00699	CDS	2814				hypothetical protein
OADBLABD_00700	CDS	405				hypothetical protein
OADBLABD_00701	CDS	1512	ndhB	7.1.1.-		NAD(P)H-quinone oxidoreductase subunit 2, chloroplastic
OADBLABD_00702	CDS	1344	ffh		COG0541	Signal recognition particle protein
OADBLABD_00703	CDS	702	mkl		COG1127	putative ribonucleotide transport ATP-binding protein mkl
OADBLABD_00704	CDS	783	mlaE		COG0767	Intermembrane phospholipid transport system permease protein MlaE
OADBLABD_00705	CDS	183	rpmF		COG0333	50S ribosomal protein L32
OADBLABD_00706	CDS	1038	plsX	2.3.1.274	COG0416	Phosphate acyltransferase
OADBLABD_00707	CDS	957	fabH	2.3.1.180	COG0332	3-oxoacyl-[acyl-carrier-protein] synthase 3
OADBLABD_00708	tRNA	76				tRNA-Arg(tct)
OADBLABD_00709	CDS	951				hypothetical protein
OADBLABD_00710	CDS	1377	murF	6.3.2.10	COG0770	UDP-N-acetylmuramoyl-tripeptide--D-alanyl-D-alanine ligase
OADBLABD_00711	CDS	735				hypothetical protein
OADBLABD_00712	CDS	270				hypothetical protein
OADBLABD_00713	CDS	369		3.9.1.-	COG0537	Purine nucleoside phosphoramidase
OADBLABD_00714	CDS	354	ndhC	7.1.1.-		NAD(P)H-quinone oxidoreductase subunit 3
OADBLABD_00715	CDS	504	nuoB	7.1.1.-	COG0377	NADH-quinone oxidoreductase subunit B
OADBLABD_00716	CDS	576	nqo5	7.1.1.-	COG0852	NADH-quinone oxidoreductase chain 5
OADBLABD_00717	CDS	945	mdh	1.1.1.37	COG0039	Malate dehydrogenase
OADBLABD_00718	CDS	789	ycfH	3.1.-.-	COG0084	putative metal-dependent hydrolase YcfH
OADBLABD_00719	CDS	489	rppH	3.6.1.-	COG0494	RNA pyrophosphohydrolase
OADBLABD_00720	CDS	600				hypothetical protein
OADBLABD_00721	CDS	318	rsfS			Ribosomal silencing factor RsfS
OADBLABD_00722	CDS	111				hypothetical protein
OADBLABD_00723	CDS	1263	tyrS	6.1.1.1	COG0162	Tyrosine--tRNA ligase
OADBLABD_00724	CDS	243				hypothetical protein
OADBLABD_00725	CDS	288				hypothetical protein
OADBLABD_00726	CDS	852				hypothetical protein
OADBLABD_00727	CDS	1020				Iron-sulfur cluster carrier protein
OADBLABD_00728	CDS	348				hypothetical protein
OADBLABD_00729	CDS	330				hypothetical protein
OADBLABD_00730	CDS	246				hypothetical protein
OADBLABD_00731	CDS	567		3.2.2.-	COG2094	Putative 3-methyladenine DNA glycosylase
OADBLABD_00732	CDS	540				hypothetical protein
OADBLABD_00733	CDS	420				hypothetical protein
OADBLABD_00734	CDS	981	mraY	2.7.8.13	COG0472	Phospho-N-acetylmuramoyl-pentapeptide-transferase
OADBLABD_00735	CDS	594	rnhB	3.1.26.4	COG0164	Ribonuclease HII
OADBLABD_00736	CDS	786	ptlF		COG3504	Type IV secretion system protein PtlF
OADBLABD_00737	CDS	279				hypothetical protein
OADBLABD_00738	CDS	276				hypothetical protein
OADBLABD_00739	CDS	1038	purM	6.3.3.1		Phosphoribosylformylglycinamidine cyclo-ligase
OADBLABD_00740	CDS	723	purC	6.3.2.6	COG0152	Phosphoribosylaminoimidazole-succinocarboxamide synthase
OADBLABD_00741	CDS	699	trmD	2.1.1.228	COG0336	tRNA (guanine-N(1)-)-methyltransferase
OADBLABD_00742	CDS	378	rplS		COG0335	50S ribosomal protein L19
OADBLABD_00743	CDS	1254				hypothetical protein
OADBLABD_00744	CDS	798	purL_2	6.3.5.3	COG0046	Phosphoribosylformylglycinamidine synthase
OADBLABD_00745	CDS	585	pdxH	1.4.3.5	COG0259	Pyridoxine/pyridoxamine 5'-phosphate oxidase
OADBLABD_00746	CDS	816	mutM	3.2.2.23	COG0266	Formamidopyrimidine-DNA glycosylase
OADBLABD_00747	CDS	228				hypothetical protein
OADBLABD_00748	tRNA	75				tRNA-Thr(ggt)
OADBLABD_00749	CDS	174				hypothetical protein
OADBLABD_00750	CDS	255				hypothetical protein
OADBLABD_00751	CDS	1149				hypothetical protein
OADBLABD_00752	CDS	201				hypothetical protein
OADBLABD_00753	CDS	267				hypothetical protein
OADBLABD_00754	CDS	1548				hypothetical protein
OADBLABD_00755	CDS	126				hypothetical protein
OADBLABD_00756	CDS	1527	pccB	6.4.1.3	COG4799	Propionyl-CoA carboxylase beta chain
OADBLABD_00757	CDS	825				hypothetical protein
OADBLABD_00758	CDS	1326	der			GTPase Der
OADBLABD_00759	CDS	1029				hypothetical protein
OADBLABD_00760	CDS	480	dsbB			Disulfide bond formation protein B
OADBLABD_00761	CDS	1386	lpd	1.8.1.4	COG1249	Dihydrolipoyl dehydrogenase
OADBLABD_00762	CDS	360				hypothetical protein
OADBLABD_00763	CDS	1023	murG	2.4.1.227	COG0707	UDP-N-acetylglucosamine--N-acetylmuramyl-(pentapeptide) pyrophosphoryl-undecaprenol N-acetylglucosamine transferase
OADBLABD_00764	CDS	927	gshB	6.3.2.3	COG0189	Glutathione synthetase
OADBLABD_00765	CDS	468	bcp	1.11.1.15	COG1225	Putative peroxiredoxin bcp
OADBLABD_00766	CDS	1080	recF		COG1195	DNA replication and repair protein RecF
OADBLABD_00767	CDS	1161	lysC	2.7.2.4	COG0527	Aspartokinase
OADBLABD_00768	CDS	1719	kefC		COG0475	Glutathione-regulated potassium-efflux system protein KefC
OADBLABD_00769	CDS	573				hypothetical protein
OADBLABD_00770	CDS	603	tmk	2.7.4.9	COG0125	Thymidylate kinase
OADBLABD_00771	CDS	192				hypothetical protein
OADBLABD_00772	CDS	90				hypothetical protein
OADBLABD_00773	tRNA	77				tRNA-Met(cat)
OADBLABD_00774	CDS	2019				hypothetical protein
OADBLABD_00775	CDS	1809				hypothetical protein
OADBLABD_00776	CDS	954	rluD	5.4.99.23	COG0564	Ribosomal large subunit pseudouridine synthase D
OADBLABD_00777	CDS	348	dgkA	2.7.1.107	COG0818	Diacylglycerol kinase
OADBLABD_00778	CDS	3297	carB	6.3.5.5	COG0458	Carbamoyl-phosphate synthase large chain
OADBLABD_00779	CDS	741	yciK	1.-.-.-	COG1028	putative oxidoreductase YciK
OADBLABD_00780	CDS	816				hypothetical protein
OADBLABD_00781	CDS	354				hypothetical protein
OADBLABD_00782	CDS	300				hypothetical protein
OADBLABD_00783	CDS	219				hypothetical protein
OADBLABD_00784	CDS	435				hypothetical protein
OADBLABD_00785	CDS	1005		1.18.1.2	COG0492	Ferredoxin--NADP reductase
OADBLABD_00786	tRNA	86				tRNA-Ser(tga)
OADBLABD_00787	CDS	1329	mnmE	3.6.-.-	COG0486	tRNA modification GTPase MnmE
OADBLABD_00788	CDS	483	nuoI	7.1.1.-	COG1143	NADH-quinone oxidoreductase subunit I
OADBLABD_00789	CDS	1902	thrS	6.1.1.3	COG0441	Threonine--tRNA ligase
OADBLABD_00790	CDS	519	infC			Translation initiation factor IF-3
OADBLABD_00791	CDS	1254	nuoF	7.1.1.-		NADH-quinone oxidoreductase subunit F
OADBLABD_00792	tRNA	74				tRNA-Lys(ttt)
OADBLABD_00793	tRNA	76				tRNA-Ala(tgc)
OADBLABD_00794	CDS	1449				hypothetical protein
OADBLABD_00795	CDS	363				hypothetical protein
OADBLABD_00796	CDS	465				hypothetical protein
OADBLABD_00797	CDS	393	ccmE		COG2332	Cytochrome c-type biogenesis protein CcmE
OADBLABD_00798	CDS	138				hypothetical protein
OADBLABD_00799	CDS	828	birA	6.3.4.15	COG0340	Bifunctional ligase/repressor BirA
OADBLABD_00800	CDS	1386	nuoN	7.1.1.-	COG1007	NADH-quinone oxidoreductase subunit N
OADBLABD_00801	CDS	1443	nuoM	7.1.1.-	COG1008	NADH-quinone oxidoreductase subunit M
OADBLABD_00802	CDS	1845	nuoL	7.1.1.-	COG1009	NADH-quinone oxidoreductase subunit L
OADBLABD_00803	CDS	309	nuoK	7.1.1.-	COG0713	NADH-quinone oxidoreductase subunit K
OADBLABD_00804	CDS	588	nuoJ	7.1.1.-	COG0839	NADH-quinone oxidoreductase subunit J
OADBLABD_00805	CDS	240				hypothetical protein
OADBLABD_00806	CDS	1548				hypothetical protein
OADBLABD_00807	CDS	267				hypothetical protein
OADBLABD_00808	CDS	201				hypothetical protein
OADBLABD_00809	CDS	1914	pcrA	3.6.4.12		ATP-dependent DNA helicase PcrA
OADBLABD_00810	CDS	747	rutD	3.5.1.-		Putative aminoacrylate hydrolase RutD
OADBLABD_00811	CDS	525				hypothetical protein
OADBLABD_00812	CDS	573	ruvA	3.6.4.12	COG0632	Holliday junction ATP-dependent DNA helicase RuvA
OADBLABD_00813	CDS	990	ruvB	3.6.4.12	COG2255	Holliday junction ATP-dependent DNA helicase RuvB
OADBLABD_00814	CDS	1236				hypothetical protein
OADBLABD_00815	CDS	189				hypothetical protein
OADBLABD_00816	CDS	1503				hypothetical protein
OADBLABD_00817	CDS	816				hypothetical protein
OADBLABD_00818	CDS	1986	priA	3.6.4.-	COG1198	Primosomal protein N'
OADBLABD_00819	CDS	969				hypothetical protein
OADBLABD_00820	CDS	3357				hypothetical protein
OADBLABD_00821	CDS	297				hypothetical protein
OADBLABD_00822	CDS	240				hypothetical protein
OADBLABD_00823	CDS	156				hypothetical protein
OADBLABD_00824	CDS	1431	tldD	3.4.-.-	COG0312	Metalloprotease TldD
OADBLABD_00825	tRNA	86				tRNA-Leu(cag)
OADBLABD_00826	CDS	474				hypothetical protein
OADBLABD_00827	CDS	387				hypothetical protein
OADBLABD_00828	CDS	1311	fpgS	6.3.2.17		Folylpolyglutamate synthase
OADBLABD_00829	CDS	585				hypothetical protein
OADBLABD_00830	CDS	462	pasT		COG2867	Persistence and stress-resistance toxin PasT
OADBLABD_00831	CDS	693				hypothetical protein
OADBLABD_00832	CDS	279				hypothetical protein
OADBLABD_00833	CDS	678	trmR	2.1.1.-		tRNA 5-hydroxyuridine methyltransferase
OADBLABD_00834	CDS	654	fzlA			FtsZ-localized protein A
OADBLABD_00835	CDS	297				hypothetical protein
OADBLABD_00836	CDS	90				hypothetical protein
OADBLABD_00837	CDS	1368				hypothetical protein
OADBLABD_00838	CDS	1242	gltA	2.3.3.16	COG0372	Citrate synthase
OADBLABD_00839	CDS	270	rpsT		COG0268	30S ribosomal protein S20
OADBLABD_00840	CDS	726				hypothetical protein
OADBLABD_00841	CDS	987	xerD_2		COG4974	Tyrosine recombinase XerD
OADBLABD_00842	CDS	171				hypothetical protein
OADBLABD_00843	CDS	636	dnaA_2			Chromosomal replication initiator protein DnaA
OADBLABD_00844	CDS	162				hypothetical protein
OADBLABD_00845	CDS	1548				hypothetical protein
OADBLABD_00846	CDS	267				hypothetical protein
OADBLABD_00847	CDS	201				hypothetical protein
OADBLABD_00848	CDS	1074				hypothetical protein
OADBLABD_00849	CDS	888				hypothetical protein
OADBLABD_00850	CDS	1206	ispDF		COG0245	Bifunctional enzyme IspD/IspF
OADBLABD_00851	CDS	867	parB		COG1475	putative chromosome-partitioning protein ParB
OADBLABD_00852	CDS	843	parA			Chromosome partitioning protein ParA
OADBLABD_00853	CDS	2481	rcsC_1	2.7.13.3		Sensor histidine kinase RcsC
OADBLABD_00854	CDS	825	hemF	1.3.3.3	COG0408	Oxygen-dependent coproporphyrinogen-III oxidase
OADBLABD_00855	CDS	1140				hypothetical protein
OADBLABD_00856	tRNA	73				tRNA-Glu(ttc)
OADBLABD_00857	CDS	696	rsmE	2.1.1.193	COG1385	Ribosomal RNA small subunit methyltransferase E
OADBLABD_00858	tRNA	76				tRNA-Pro(tgg)
OADBLABD_00859	CDS	201				hypothetical protein
OADBLABD_00860	CDS	1161	sucC	6.2.1.5	COG0045	Succinate--CoA ligase [ADP-forming] subunit beta
OADBLABD_00861	CDS	885	sucD	6.2.1.5	COG0074	Succinate--CoA ligase [ADP-forming] subunit alpha
OADBLABD_00862	CDS	795	dapF	5.1.1.7	COG0253	Diaminopimelate epimerase
OADBLABD_00863	CDS	1113				hypothetical protein
OADBLABD_00864	CDS	558				hypothetical protein
OADBLABD_00865	CDS	528	bioY		COG1268	Biotin transporter BioY
OADBLABD_00866	CDS	372				hypothetical protein
OADBLABD_00867	CDS	867	ycf3			Photosystem I assembly protein Ycf3
OADBLABD_00868	tRNA	73				tRNA-Val(tac)
OADBLABD_00869	CDS	2703	gyrA	5.6.2.2	COG0188	DNA gyrase subunit A
OADBLABD_00870	CDS	600	petA	7.1.1.8	COG0723	Ubiquinol-cytochrome c reductase iron-sulfur subunit
OADBLABD_00871	CDS	126				hypothetical protein
OADBLABD_00872	CDS	324				hypothetical protein
OADBLABD_00873	CDS	2397				hypothetical protein
OADBLABD_00874	CDS	1242	iscS	2.8.1.7	COG1104	Cysteine desulfurase IscS
OADBLABD_00875	CDS	1104	mrdB	2.4.1.129	COG0772	Peptidoglycan glycosyltransferase MrdB
OADBLABD_00876	CDS	1449	mrpD		COG0651	Na(+)/H(+) antiporter subunit D
OADBLABD_00877	CDS	306				hypothetical protein
OADBLABD_00878	CDS	456				hypothetical protein
OADBLABD_00879	CDS	390				IS256 family transposase ISWpi15
OADBLABD_00880	CDS	180				hypothetical protein
OADBLABD_00881	CDS	717	tlyC		COG1253	Hemolysin C
OADBLABD_00882	CDS	942	hemE	4.1.1.37	COG0407	Uroporphyrinogen decarboxylase
OADBLABD_00883	CDS	1194	aatA	2.6.1.1	COG0436	Aspartate/prephenate aminotransferase
OADBLABD_00884	CDS	318	gdx		COG2076	Guanidinium exporter
OADBLABD_00885	CDS	513				hypothetical protein
OADBLABD_00886	CDS	1212				hypothetical protein
OADBLABD_00887	CDS	1278	glyA	2.1.2.1		Serine hydroxymethyltransferase
OADBLABD_00888	CDS	1191	pgk/tpi		COG0126	Bifunctional PGK/TIM
OADBLABD_00889	CDS	840				hypothetical protein
OADBLABD_00890	CDS	321				hypothetical protein
OADBLABD_00891	CDS	1155				hypothetical protein
OADBLABD_00892	CDS	681	rpe	5.1.3.1		Ribulose-phosphate 3-epimerase
OADBLABD_00893	CDS	2277	pnp	2.7.7.8	COG1185	Polyribonucleotide nucleotidyltransferase
OADBLABD_00894	CDS	273	rpsO			30S ribosomal protein S15
OADBLABD_00895	CDS	1062	truB	5.4.99.25		tRNA pseudouridine synthase B
OADBLABD_00896	CDS	714				hypothetical protein
OADBLABD_00897	CDS	1233	ribD		COG0117	Riboflavin biosynthesis protein RibD
OADBLABD_00898	CDS	1182				Deoxyguanosinetriphosphate triphosphohydrolase-like protein
OADBLABD_00899	CDS	447	erpA		COG0316	Iron-sulfur cluster insertion protein ErpA
OADBLABD_00900	CDS	675	lolD	3.6.3.-	COG1136	Lipoprotein-releasing system ATP-binding protein LolD
OADBLABD_00901	CDS	225				hypothetical protein
OADBLABD_00902	CDS	699				hypothetical protein
OADBLABD_00903	CDS	1188	nifS	2.8.1.7	COG1104	Cysteine desulfurase NifS
OADBLABD_00904	CDS	723	ybhL		COG0670	Inner membrane protein YbhL
OADBLABD_00905	CDS	537	ctaG		COG3175	Cytochrome c oxidase assembly protein CtaG
OADBLABD_00906	CDS	765				hypothetical protein
OADBLABD_00907	CDS	978		1.3.1.103		2-haloacrylate reductase
OADBLABD_00908	CDS	789	dapA	4.3.3.7	COG0329	4-hydroxy-tetrahydrodipicolinate synthase
OADBLABD_00909	CDS	483				Single-stranded DNA-binding protein
OADBLABD_00910	tRNA	76				tRNA-Arg(ccg)
OADBLABD_00911	CDS	789				hypothetical protein
OADBLABD_00912	CDS	609				hypothetical protein
OADBLABD_00913	CDS	1461				hypothetical protein
OADBLABD_00914	CDS	927	ispH	1.17.7.4	COG0761	4-hydroxy-3-methylbut-2-enyl diphosphate reductase
OADBLABD_00915	CDS	309				hypothetical protein
OADBLABD_00916	CDS	747	elbB	4.2.1.-	COG3155	Glyoxalase ElbB
OADBLABD_00917	CDS	252				hypothetical protein
OADBLABD_00918	CDS	348				hypothetical protein
OADBLABD_00919	CDS	330				hypothetical protein
OADBLABD_00920	CDS	723				hypothetical protein
OADBLABD_00921	CDS	285				hypothetical protein
OADBLABD_00922	CDS	240				hypothetical protein
OADBLABD_00923	CDS	1164				hypothetical protein
OADBLABD_00924	CDS	843	thyX	2.1.1.148	COG1351	Flavin-dependent thymidylate synthase
OADBLABD_00925	CDS	1278	murA	2.5.1.7	COG0766	UDP-N-acetylglucosamine 1-carboxyvinyltransferase
OADBLABD_00926	CDS	1263	fabF	2.3.1.179	COG0304	3-oxoacyl-[acyl-carrier-protein] synthase 2
OADBLABD_00927	CDS	261	acpP		COG0236	Acyl carrier protein
OADBLABD_00928	CDS	783				hypothetical protein
OADBLABD_00929	CDS	873				hypothetical protein
OADBLABD_00930	CDS	1452	hslU		COG1220	ATP-dependent protease ATPase subunit HslU
OADBLABD_00931	CDS	555	hslV	3.4.25.2	COG5405	ATP-dependent protease subunit HslV
OADBLABD_00932	CDS	1155				hypothetical protein
OADBLABD_00933	CDS	801				hypothetical protein
OADBLABD_00934	CDS	954	hemH	4.99.1.1	COG0276	Ferrochelatase
OADBLABD_00935	CDS	888				hypothetical protein
OADBLABD_00936	CDS	420	ndk	2.7.4.6		Nucleoside diphosphate kinase
OADBLABD_00937	CDS	1170	argD_1	2.6.1.11	COG4992	Acetylornithine aminotransferase
OADBLABD_00938	CDS	1278				hypothetical protein
OADBLABD_00939	CDS	258				hypothetical protein
OADBLABD_00940	CDS	576	ubiX	2.5.1.129	COG0163	Flavin prenyltransferase UbiX
OADBLABD_00941	CDS	888	folD			Bifunctional protein FolD protein
OADBLABD_00942	CDS	180				hypothetical protein
OADBLABD_00943	CDS	330				hypothetical protein
OADBLABD_00944	CDS	348				hypothetical protein
OADBLABD_00945	CDS	639				hypothetical protein
OADBLABD_00946	CDS	591				hypothetical protein
OADBLABD_00947	CDS	2460	leuS	6.1.1.4		Leucine--tRNA ligase
OADBLABD_00948	CDS	591				hypothetical protein
OADBLABD_00949	CDS	327				hypothetical protein
OADBLABD_00950	CDS	300	ihfA		COG0776	Integration host factor subunit alpha
OADBLABD_00951	CDS	1197				hypothetical protein
OADBLABD_00952	CDS	1935	uvrB		COG0556	UvrABC system protein B
OADBLABD_00953	CDS	762	petC		COG2857	Cytochrome c1
OADBLABD_00954	CDS	1227	petB		COG1290	Cytochrome b
OADBLABD_00955	CDS	1614				hypothetical protein
OADBLABD_00956	CDS	1164				hypothetical protein
OADBLABD_00957	CDS	252				hypothetical protein
OADBLABD_00958	CDS	573	nfuA			Fe/S biogenesis protein NfuA
OADBLABD_00959	CDS	1224	hisS	6.1.1.21	COG0124	Histidine--tRNA ligase
OADBLABD_00960	CDS	768	surE	3.1.3.5	COG0496	5'-nucleotidase SurE
OADBLABD_00961	CDS	1203	adiC_1		COG0531	Arginine/agmatine antiporter
OADBLABD_00962	CDS	1287	adiC_2		COG0531	Arginine/agmatine antiporter
OADBLABD_00963	CDS	426				hypothetical protein
OADBLABD_00964	CDS	1023	asd2	1.2.1.11	COG0136	Aspartate-semialdehyde dehydrogenase 2
OADBLABD_00965	CDS	1077	purK	6.3.4.18		N5-carboxyaminoimidazole ribonucleotide synthase
OADBLABD_00966	CDS	405	apaG		COG2967	Protein ApaG
OADBLABD_00967	CDS	1599				hypothetical protein
OADBLABD_00968	CDS	846				hypothetical protein
OADBLABD_00969	CDS	417				hypothetical protein
OADBLABD_00970	CDS	159				hypothetical protein
OADBLABD_00971	CDS	231				hypothetical protein
OADBLABD_00972	CDS	471				hypothetical protein
OADBLABD_00973	CDS	276				hypothetical protein
OADBLABD_00974	CDS	216				hypothetical protein
OADBLABD_00975	CDS	489				hypothetical protein
OADBLABD_00976	tRNA	88				tRNA-Ser(gga)
OADBLABD_00977	CDS	789				hypothetical protein
OADBLABD_00978	CDS	243				hypothetical protein
OADBLABD_00979	CDS	225				hypothetical protein
OADBLABD_00980	CDS	2064				hypothetical protein
OADBLABD_00981	CDS	1305				hypothetical protein
OADBLABD_00982	CDS	828				hypothetical protein
OADBLABD_00983	CDS	885	era		COG1159	GTPase Era
OADBLABD_00984	CDS	441				hypothetical protein
OADBLABD_00985	tRNA	74				tRNA-Gly(gcc)
OADBLABD_00986	CDS	621	rnd_2	3.1.13.5		Ribonuclease D
OADBLABD_00987	CDS	327	trxA		COG0526	Thioredoxin
OADBLABD_00988	tRNA	77				tRNA-Met(cat)
OADBLABD_00989	CDS	291				hypothetical protein
OADBLABD_00990	CDS	1134				hypothetical protein
OADBLABD_00991	CDS	660		1.-.-.-	COG5424	putative oxidoreductase CT_610
OADBLABD_00992	CDS	387	folB	4.1.2.25	COG1539	Dihydroneopterin aldolase
OADBLABD_00993	CDS	1254				hypothetical protein
OADBLABD_00994	CDS	480	dhfR	1.5.1.3	COG0262	Dihydrofolate reductase
OADBLABD_00995	CDS	1386	purF	2.4.2.14	COG0034	Amidophosphoribosyltransferase
OADBLABD_00996	CDS	1245				hypothetical protein
OADBLABD_00997	CDS	528	coq7	1.14.99.60	COG2941	3-demethoxyubiquinol 3-hydroxylase
OADBLABD_00998	CDS	774				hypothetical protein
OADBLABD_00999	CDS	540	def	3.5.1.88		Peptide deformylase
OADBLABD_01000	CDS	1239	ftsA		COG0849	Cell division protein FtsA
OADBLABD_01001	CDS	297				hypothetical protein
OADBLABD_01002	CDS	90				hypothetical protein
OADBLABD_01003	CDS	258				hypothetical protein
OADBLABD_01004	CDS	174				hypothetical protein
OADBLABD_01005	CDS	552		6.3.3.2	COG0212	5-formyltetrahydrofolate cyclo-ligase
OADBLABD_01006	CDS	630				hypothetical protein
OADBLABD_01007	CDS	1128	surA_1	5.2.1.8		Chaperone SurA
OADBLABD_01008	tRNA	93				tRNA-Ser(gct)
OADBLABD_01009	CDS	507	ppa	3.6.1.1	COG0221	Inorganic pyrophosphatase
OADBLABD_01010	CDS	1254				hypothetical protein
OADBLABD_01011	CDS	1176	mnmA	2.8.1.13	COG0482	tRNA-specific 2-thiouridylase MnmA
OADBLABD_01012	CDS	1068	mreB			Cell shape-determining protein MreB
OADBLABD_01013	CDS	1419		3.4.17.19	COG2317	Thermostable carboxypeptidase 1
OADBLABD_01014	CDS	480	pal			Peptidoglycan-associated lipoprotein
OADBLABD_01015	CDS	297				hypothetical protein
OADBLABD_01016	CDS	1296	tilS	6.3.4.19		tRNA(Ile)-lysidine synthase
OADBLABD_01017	CDS	1830	ftsH_3	3.4.24.-		ATP-dependent zinc metalloprotease FtsH
OADBLABD_01018	CDS	951				hypothetical protein
OADBLABD_01019	CDS	495				hypothetical protein
OADBLABD_01020	CDS	1248	pdhC	2.3.1.12	COG0508	Dihydrolipoyllysine-residue acetyltransferase component of pyruvate dehydrogenase complex
OADBLABD_01021	CDS	762				hypothetical protein
OADBLABD_01022	CDS	1746	prsD			Type I secretion system ATP-binding protein PrsD
OADBLABD_01023	CDS	3624				hypothetical protein
OADBLABD_01024	CDS	1011	tsaD	2.3.1.234	COG0533	tRNA N6-adenosine threonylcarbamoyltransferase
OADBLABD_01025	CDS	738				hypothetical protein
OADBLABD_01026	CDS	1428	rcsC_2	2.7.13.3		Sensor histidine kinase RcsC
OADBLABD_01027	CDS	1170	argD_2	2.6.1.11	COG4992	Acetylornithine aminotransferase
OADBLABD_01028	CDS	3651				hypothetical protein
OADBLABD_01029	CDS	501	rimM		COG0806	Ribosome maturation factor RimM
OADBLABD_01030	CDS	567	efp			Elongation factor P
OADBLABD_01031	CDS	693	suhB	3.1.3.25	COG0483	Inositol-1-monophosphatase
OADBLABD_01032	CDS	348				hypothetical protein
OADBLABD_01033	CDS	330				hypothetical protein
OADBLABD_01034	CDS	1215	hemA	2.3.1.37	COG0156	5-aminolevulinate synthase
OADBLABD_01035	CDS	1848				hypothetical protein
OADBLABD_01036	CDS	3189				hypothetical protein
OADBLABD_01037	CDS	1905	htpG		COG0326	Chaperone protein HtpG
OADBLABD_01038	CDS	1221				hypothetical protein
OADBLABD_01039	CDS	801				hypothetical protein
OADBLABD_01040	CDS	594	recR		COG0353	Recombination protein RecR
OADBLABD_01041	CDS	1392				hypothetical protein
OADBLABD_01042	CDS	285				hypothetical protein
OADBLABD_01043	CDS	240				hypothetical protein
OADBLABD_01044	CDS	1584				hypothetical protein
OADBLABD_01045	CDS	333	ybaB		COG0718	Nucleoid-associated protein YbaB
OADBLABD_01046	CDS	669				hypothetical protein
OADBLABD_01047	CDS	894	rpoH		COG0568	RNA polymerase sigma factor RpoH
OADBLABD_01048	CDS	498				hypothetical protein
OADBLABD_01049	CDS	1152	dnaN			Beta sliding clamp
OADBLABD_01050	CDS	606	truA	5.4.99.12	COG0101	tRNA pseudouridine synthase A
OADBLABD_01051	CDS	348				hypothetical protein
OADBLABD_01052	CDS	330				hypothetical protein
OADBLABD_01053	CDS	1068	recA			Protein RecA
OADBLABD_01054	CDS	564	pth	3.1.1.29	COG0193	Peptidyl-tRNA hydrolase
OADBLABD_01055	CDS	612	rplY			50S ribosomal protein L25
OADBLABD_01056	CDS	300				hypothetical protein
OADBLABD_01057	CDS	885	rsmH	2.1.1.199	COG0275	Ribosomal RNA small subunit methyltransferase H
OADBLABD_01058	CDS	1212	proP_2			Proline/betaine transporter
OADBLABD_01059	CDS	783	map	3.4.11.18	COG0024	Methionine aminopeptidase
OADBLABD_01060	tRNA	73				tRNA-Gln(ttg)
OADBLABD_01061	CDS	429				hypothetical protein
OADBLABD_01062	CDS	291				hypothetical protein
OADBLABD_01063	CDS	348				hypothetical protein
OADBLABD_01064	CDS	330				hypothetical protein
OADBLABD_01065	CDS	1197	dapE	3.5.1.18	COG0624	Succinyl-diaminopimelate desuccinylase
OADBLABD_01066	CDS	1257	aroB	4.2.3.4		3-dehydroquinate synthase
OADBLABD_01067	tRNA	73				tRNA-Met(cat)
OADBLABD_01068	CDS	525	rplI		COG0359	50S ribosomal protein L9
OADBLABD_01069	CDS	276				hypothetical protein
OADBLABD_01070	CDS	774				hypothetical protein
OADBLABD_01071	CDS	3321	dnaE1	2.7.7.7		DNA polymerase III subunit alpha
OADBLABD_01072	CDS	1308				hypothetical protein
OADBLABD_01073	CDS	969	ykfA	3.4.16.-	COG1619	putative murein peptide carboxypeptidase
OADBLABD_01074	CDS	618	lipB	2.3.1.181		Octanoyltransferase
OADBLABD_01075	CDS	1764				hypothetical protein
OADBLABD_01076	CDS	1176				hypothetical protein
OADBLABD_01077	CDS	450				hypothetical protein
OADBLABD_01078	CDS	2481				hypothetical protein
OADBLABD_01079	CDS	366				hypothetical protein
OADBLABD_01080	CDS	1185	murJ		COG0728	putative lipid II flippase MurJ
OADBLABD_01081	CDS	315				hypothetical protein
OADBLABD_01082	tRNA	76				tRNA-His(gtg)
OADBLABD_01083	CDS	561				hypothetical protein
OADBLABD_01084	CDS	2049	mnmG		COG0445	tRNA uridine 5-carboxymethylaminomethyl modification enzyme MnmG
OADBLABD_01085	CDS	1797				hypothetical protein
OADBLABD_01086	CDS	366				hypothetical protein
OADBLABD_01087	CDS	645				hypothetical protein
OADBLABD_01088	CDS	780	yeeZ		COG0451	Protein YeeZ
OADBLABD_01089	CDS	1029	ankX	2.7.1.-	COG0666	Phosphocholine transferase AnkX
OADBLABD_01090	CDS	330				hypothetical protein
OADBLABD_01091	CDS	309				hypothetical protein
OADBLABD_01092	CDS	330				hypothetical protein
OADBLABD_01093	CDS	348				hypothetical protein
OADBLABD_01094	CDS	2880				hypothetical protein
OADBLABD_01095	CDS	2355	virB4_1		COG3451	Type IV secretion system protein virB4
OADBLABD_01096	CDS	366				hypothetical protein
OADBLABD_01097	CDS	1497				hypothetical protein
OADBLABD_01098	CDS	996		1.6.5.11	COG2070	NADH:quinone reductase
OADBLABD_01099	CDS	522	yceJ		COG3038	Cytochrome b561 
OADBLABD_01100	CDS	1173	nuoD	7.1.1.-	COG0649	NADH-quinone oxidoreductase subunit D
OADBLABD_01101	CDS	1737	recJ	3.1.-.-	COG0608	Single-stranded-DNA-specific exonuclease RecJ
OADBLABD_01102	CDS	1323	miaB	2.8.4.3	COG0621	tRNA-2-methylthio-N(6)-dimethylallyladenosine synthase
OADBLABD_01103	CDS	234				hypothetical protein
OADBLABD_01104	CDS	3171	ileS	6.1.1.5	COG0060	Isoleucine--tRNA ligase
OADBLABD_01105	CDS	2991				hypothetical protein
OADBLABD_01106	CDS	2340	pheT	6.1.1.20	COG0072	Phenylalanine--tRNA ligase beta subunit
OADBLABD_01107	CDS	270				hypothetical protein
OADBLABD_01108	CDS	726	atpB		COG0356	ATP synthase subunit a
OADBLABD_01109	CDS	228	atpH_2			ATP synthase subunit c
OADBLABD_01110	CDS	480	atpF_1			ATP synthase subunit b
OADBLABD_01111	CDS	477	atpF_2			ATP synthase subunit b
OADBLABD_01112	CDS	1590				hypothetical protein
OADBLABD_01113	CDS	990	ctaA	1.3.-.-	COG1612	Heme A synthase
OADBLABD_01114	CDS	1971	accA1		COG4770	Acetyl-/propionyl-coenzyme A carboxylase alpha chain
OADBLABD_01115	CDS	678				hypothetical protein
OADBLABD_01116	CDS	1353	gltX	6.1.1.17		Glutamate--tRNA ligase
OADBLABD_01117	CDS	456	hspA		COG0071	Spore protein SP21
OADBLABD_01118	CDS	708	pdxJ	2.6.99.2	COG0854	Pyridoxine 5'-phosphate synthase
OADBLABD_01119	CDS	303	hup			DNA-binding protein HU
OADBLABD_01120	CDS	438	rpsI		COG0103	30S ribosomal protein S9
OADBLABD_01121	CDS	459	rplM		COG0102	50S ribosomal protein L13
OADBLABD_01122	CDS	1251	bepC			Outer membrane efflux protein BepC
OADBLABD_01123	CDS	546				hypothetical protein
OADBLABD_01124	CDS	564	rlmE	2.1.1.166	COG0293	Ribosomal RNA large subunit methyltransferase E
OADBLABD_01125	CDS	1638				hypothetical protein
OADBLABD_01126	CDS	1578	lysS	6.1.1.6	COG1384	Lysine--tRNA ligase
OADBLABD_01127	CDS	297				hypothetical protein
OADBLABD_01128	CDS	2406	virB4_2		COG3451	Type IV secretion system protein virB4
OADBLABD_01129	CDS	2598				hypothetical protein
OADBLABD_01130	CDS	2529				hypothetical protein
OADBLABD_01131	CDS	2904				hypothetical protein
OADBLABD_01132	CDS	3255				hypothetical protein
OADBLABD_01133	CDS	630				hypothetical protein
OADBLABD_01134	CDS	549	rsmD	2.1.1.171	COG0742	Ribosomal RNA small subunit methyltransferase D
OADBLABD_01135	CDS	318				hypothetical protein
OADBLABD_01136	CDS	348				hypothetical protein
OADBLABD_01137	CDS	348				hypothetical protein
OADBLABD_01138	CDS	330				hypothetical protein
OADBLABD_01139	CDS	330				hypothetical protein
OADBLABD_01140	CDS	1197			COG3385	IS4 family transposase ISWen1
OADBLABD_01141	CDS	531				hypothetical protein
OADBLABD_01142	CDS	609	sodB	1.15.1.1		Superoxide dismutase [Fe]
OADBLABD_01143	CDS	1275		3.4.24.-	COG0612	putative zinc protease
OADBLABD_01144	CDS	318				hypothetical protein
OADBLABD_01145	CDS	1212	tgt	2.4.2.29		Queuine tRNA-ribosyltransferase
OADBLABD_01146	CDS	501	nqo2	7.1.1.-	COG1905	NADH-quinone oxidoreductase chain 2
OADBLABD_01147	CDS	2073				hypothetical protein
OADBLABD_01148	CDS	2151				hypothetical protein
OADBLABD_01149	CDS	771	ctrA			Cell cycle response regulator CtrA
OADBLABD_01150	CDS	978	gpsA	1.1.1.94		Glycerol-3-phosphate dehydrogenase [NAD(P)+]
OADBLABD_01151	CDS	426	pgpA	3.1.3.27	COG1267	Phosphatidylglycerophosphatase A
OADBLABD_01152	CDS	792				hypothetical protein
OADBLABD_01153	CDS	1137				hypothetical protein
OADBLABD_01154	CDS	789	sdhB	1.3.5.1	COG0479	Succinate dehydrogenase iron-sulfur subunit
OADBLABD_01155	CDS	480	ybeY	3.1.-.-		Endoribonuclease YbeY
OADBLABD_01156	CDS	399				hypothetical protein
OADBLABD_01157	CDS	1185	ftsZ			Cell division protein FtsZ
OADBLABD_01158	CDS	525				hypothetical protein
OADBLABD_01159	CDS	1296	comM		COG0606	Competence protein ComM
OADBLABD_01160	CDS	1632				hypothetical protein
OADBLABD_01161	CDS	1197				hypothetical protein
OADBLABD_01162	CDS	1110				hypothetical protein
OADBLABD_01163	CDS	2022				hypothetical protein
OADBLABD_01164	CDS	1227				hypothetical protein
OADBLABD_01165	CDS	489				hypothetical protein
OADBLABD_01166	CDS	798				hypothetical protein
OADBLABD_01167	CDS	492				hypothetical protein
OADBLABD_01168	CDS	471				hypothetical protein
OADBLABD_01169	CDS	471				hypothetical protein
OADBLABD_01170	CDS	1494				hypothetical protein
OADBLABD_01171	CDS	1830				hypothetical protein
OADBLABD_01172	CDS	225				hypothetical protein
OADBLABD_01173	CDS	1428				hypothetical protein
OADBLABD_01174	CDS	1107				hypothetical protein
OADBLABD_01175	CDS	372				hypothetical protein
OADBLABD_01176	CDS	1005				hypothetical protein
OADBLABD_01177	CDS	219				hypothetical protein
OADBLABD_01178	CDS	141				hypothetical protein
OADBLABD_01179	CDS	1344	ltrA_4		COG3344	Group II intron-encoded protein LtrA
OADBLABD_01180	CDS	192				hypothetical protein
OADBLABD_01181	CDS	489				hypothetical protein
OADBLABD_01182	CDS	474				hypothetical protein
OADBLABD_01183	CDS	456				hypothetical protein
OADBLABD_01184	CDS	255				hypothetical protein
OADBLABD_01185	CDS	336				hypothetical protein
OADBLABD_01186	CDS	798				hypothetical protein
OADBLABD_01187	CDS	1218				hypothetical protein
OADBLABD_01188	CDS	687				hypothetical protein
OADBLABD_01189	CDS	1938				hypothetical protein
OADBLABD_01190	CDS	1191				hypothetical protein
OADBLABD_01191	CDS	195				hypothetical protein
OADBLABD_01192	CDS	1422				hypothetical protein
OADBLABD_01193	CDS	558				hypothetical protein
OADBLABD_01194	CDS	1161	gpFI_3			Putative prophage major tail sheath protein
OADBLABD_01195	CDS	501				hypothetical protein
OADBLABD_01196	CDS	252				hypothetical protein
OADBLABD_01197	CDS	1641				hypothetical protein
OADBLABD_01198	CDS	330				hypothetical protein
OADBLABD_01199	CDS	348				hypothetical protein
OADBLABD_01200	CDS	522				hypothetical protein
OADBLABD_01201	CDS	417				hypothetical protein
OADBLABD_01202	CDS	174				hypothetical protein
OADBLABD_01203	CDS	981				hypothetical protein
OADBLABD_01204	CDS	537				hypothetical protein
OADBLABD_01205	CDS	219				hypothetical protein
OADBLABD_01206	CDS	951				hypothetical protein
OADBLABD_01207	CDS	2601				hypothetical protein
OADBLABD_01208	CDS	750	glmU_2		COG1207	Bifunctional protein GlmU
OADBLABD_01209	CDS	954	galE	5.1.3.2	COG1087	UDP-glucose 4-epimerase
OADBLABD_01210	CDS	2328	mshA	2.4.1.250		D-inositol-3-phosphate glycosyltransferase
OADBLABD_01211	CDS	1677				hypothetical protein
OADBLABD_01212	CDS	1008				hypothetical protein
OADBLABD_01213	CDS	1776	btuD	7.6.2.8		Vitamin B12 import ATP-binding protein BtuD
OADBLABD_01214	CDS	1065	ltaA_1	4.1.2.49		L-allo-threonine aldolase
OADBLABD_01215	CDS	1044	ltaA_2	4.1.2.49		L-allo-threonine aldolase
OADBLABD_01216	CDS	1146	glpT		COG2271	Glycerol-3-phosphate transporter
OADBLABD_01217	CDS	1308	rkpK	1.1.1.22	COG1004	UDP-glucose 6-dehydrogenase
OADBLABD_01218	CDS	900	ribN			Riboflavin transporter
OADBLABD_01219	CDS	1473				hypothetical protein
OADBLABD_01220	CDS	2091				hypothetical protein
OADBLABD_01221	CDS	435				IS3 family transposase ISWpi17
OADBLABD_01222	CDS	285				IS3 family transposase ISWpi17
OADBLABD_01223	CDS	375				hypothetical protein
OADBLABD_01224	CDS	330				hypothetical protein
OADBLABD_01225	CDS	924				hypothetical protein
OADBLABD_01226	CDS	1083				hypothetical protein
OADBLABD_01227	CDS	372				hypothetical protein
OADBLABD_01228	CDS	333				hypothetical protein
OADBLABD_01229	CDS	330				hypothetical protein
OADBLABD_01230	CDS	348				hypothetical protein
OADBLABD_01231	CDS	696				hypothetical protein
OADBLABD_01232	CDS	123				hypothetical protein
OADBLABD_01233	CDS	771	pgdA	3.5.1.104	COG0726	Peptidoglycan-N-acetylglucosamine deacetylase
OADBLABD_01234	CDS	1557	mrdA	3.4.16.4	COG0768	Peptidoglycan D,D-transpeptidase MrdA
OADBLABD_01235	CDS	2457	lon	3.4.21.53	COG0466	Lon protease
OADBLABD_01236	CDS	1278	clpX		COG1219	ATP-dependent Clp protease ATP-binding subunit ClpX
OADBLABD_01237	CDS	627	clpP	3.4.21.92	COG0740	ATP-dependent Clp protease proteolytic subunit
OADBLABD_01238	CDS	1344	tig	5.2.1.8	COG0544	Trigger factor
OADBLABD_01239	tRNA	83				tRNA-Leu(tag)
OADBLABD_01240	CDS	600	osmY		COG2823	Osmotically-inducible protein Y
OADBLABD_01241	CDS	306				hypothetical protein
OADBLABD_01242	CDS	852	prmC	2.1.1.297	COG2890	Release factor glutamine methyltransferase
OADBLABD_01243	CDS	123				hypothetical protein
OADBLABD_01244	CDS	375	rpsL			30S ribosomal protein S12
OADBLABD_01245	CDS	477	rpsG		COG0049	30S ribosomal protein S7
OADBLABD_01246	CDS	2076	fusA		COG0480	Elongation factor G
OADBLABD_01247	CDS	1173	tufA_2		COG0050	Elongation factor Tu
OADBLABD_01248	tRNA	74				tRNA-Trp(cca)
OADBLABD_01249	CDS	837	nusG			Transcription termination/antitermination protein NusG
OADBLABD_01250	CDS	441	rplK		COG0080	50S ribosomal protein L11
OADBLABD_01251	CDS	654	rplA		COG0081	50S ribosomal protein L1
OADBLABD_01252	CDS	519	rplJ		COG0244	50S ribosomal protein L10
OADBLABD_01253	CDS	402	rplL			50S ribosomal protein L7/L12
OADBLABD_01254	CDS	8520	rpoBC	2.7.7.6	COG0085	Bifunctional DNA-directed RNA polymerase subunit beta-beta'
OADBLABD_01255	CDS	978	dusB	1.3.1.-	COG0042	tRNA-dihydrouridine synthase B
OADBLABD_01256	CDS	1356				hypothetical protein
OADBLABD_01257	CDS	1281	serS	6.1.1.11	COG0172	Serine--tRNA ligase
OADBLABD_01258	CDS	1272	purD	6.3.4.13	COG0151	Phosphoribosylamine--glycine ligase
OADBLABD_01259	CDS	492				hypothetical protein
OADBLABD_01260	CDS	1428	icd	1.1.1.42	COG0473	Isocitrate dehydrogenase [NADP]
OADBLABD_01261	CDS	1302				hypothetical protein
OADBLABD_01262	CDS	651	nth_1	4.2.99.18	COG0177	Endonuclease III
OADBLABD_01263	CDS	126				hypothetical protein
OADBLABD_01264	CDS	606				hypothetical protein
OADBLABD_01265	CDS	1407	rho	3.6.4.-	COG1158	Transcription termination factor Rho
OADBLABD_01266	CDS	1488	guaB	1.1.1.205	COG0516	Inosine-5'-monophosphate dehydrogenase
OADBLABD_01267	CDS	795	rsmA	2.1.1.182		Ribosomal RNA small subunit methyltransferase A
OADBLABD_01268	tRNA	74				tRNA-Thr(tgt)
OADBLABD_01269	CDS	681	tpiA	5.3.1.1	COG0149	Triosephosphate isomerase
OADBLABD_01270	CDS	1356	murD	6.3.2.9		UDP-N-acetylmuramoylalanine--D-glutamate ligase
OADBLABD_01271	CDS	591				hypothetical protein
OADBLABD_01272	CDS	480				IS481 family transposase ISVch1
OADBLABD_01273	CDS	1341				hypothetical protein
OADBLABD_01274	CDS	1044				hypothetical protein
OADBLABD_01275	CDS	393				hypothetical protein
OADBLABD_01276	CDS	282				hypothetical protein
OADBLABD_01277	CDS	843	dapD	2.3.1.117		2,3,4,5-tetrahydropyridine-2,6-dicarboxylate N-succinyltransferase
OADBLABD_01278	CDS	411				hypothetical protein
OADBLABD_01279	CDS	1800	sdhA	1.3.5.1	COG1053	Succinate dehydrogenase flavoprotein subunit
OADBLABD_01280	CDS	2337				hypothetical protein
OADBLABD_01281	CDS	609	gmk	2.7.4.8	COG0194	Guanylate kinase
OADBLABD_01282	CDS	1767				hypothetical protein
OADBLABD_01283	CDS	978				hypothetical protein
OADBLABD_01284	CDS	888	pyrB	2.1.3.2		Aspartate carbamoyltransferase
OADBLABD_01285	CDS	1017	idiA		COG1840	Iron deficiency-induced protein A
OADBLABD_01286	CDS	1440				hypothetical protein
OADBLABD_01287	CDS	786	nadK	2.7.1.23		NAD kinase
OADBLABD_01288	CDS	213	rpmE		COG0254	50S ribosomal protein L31
OADBLABD_01289	CDS	987	pksC	2.3.1.39	COG0331	Polyketide biosynthesis malonyl CoA-acyl carrier protein transacylase PksC
OADBLABD_01290	CDS	747				hypothetical protein
OADBLABD_01291	CDS	1509	gpmI	5.4.2.12		2,3-bisphosphoglycerate-independent phosphoglycerate mutase
OADBLABD_01292	CDS	738				hypothetical protein
OADBLABD_01293	tRNA	73				tRNA-Asn(gtt)
OADBLABD_01294	CDS	1521	purH		COG0138	Bifunctional purine biosynthesis protein PurH
OADBLABD_01295	CDS	1329			COG3385	IS4 family transposase ISWen1
OADBLABD_01296	CDS	885	fmt	2.1.2.9	COG0223	Methionyl-tRNA formyltransferase
OADBLABD_01297	CDS	357	rplT			50S ribosomal protein L20
OADBLABD_01298	CDS	207	rpmI		COG0291	50S ribosomal protein L35
OADBLABD_01299	CDS	444				hypothetical protein
OADBLABD_01300	CDS	762				hypothetical protein
OADBLABD_01301	CDS	954				hypothetical protein
OADBLABD_01302	CDS	2583	alaS	6.1.1.7	COG0013	Alanine--tRNA ligase
OADBLABD_01303	CDS	639	nth_2	4.2.99.18	COG0177	Endonuclease III
OADBLABD_01304	CDS	246				hypothetical protein
OADBLABD_01305	CDS	375				hypothetical protein
OADBLABD_01306	CDS	324				hypothetical protein
OADBLABD_01307	CDS	1800	surA_2	5.2.1.8		Chaperone SurA
OADBLABD_01308	CDS	315				hypothetical protein
OADBLABD_01309	CDS	987	ispB	2.5.1.90	COG0142	Octaprenyl diphosphate synthase
OADBLABD_01310	CDS	561	grpE			Protein GrpE
OADBLABD_01311	CDS	999	trpS	6.1.1.2	COG0180	Tryptophan--tRNA ligase
OADBLABD_01312	CDS	1368				hypothetical protein
OADBLABD_01313	CDS	2670	sucA	1.2.4.2	COG0567	2-oxoglutarate dehydrogenase E1 component
OADBLABD_01314	CDS	294				hypothetical protein
OADBLABD_01315	CDS	156				hypothetical protein
OADBLABD_01316	CDS	348				hypothetical protein
OADBLABD_01317	CDS	330				hypothetical protein
OADBLABD_01318	CDS	774				hypothetical protein
OADBLABD_01319	CDS	594				hypothetical protein
OADBLABD_01320	CDS	1587				hypothetical protein
OADBLABD_01321	CDS	741				hypothetical protein
OADBLABD_01322	CDS	180				hypothetical protein
OADBLABD_01323	CDS	144				hypothetical protein
OADBLABD_01324	CDS	1884				hypothetical protein
OADBLABD_01325	CDS	1488	ubiD	4.1.1.98	COG0043	3-octaprenyl-4-hydroxybenzoate carboxy-lyase
OADBLABD_01326	CDS	474	pld_2	3.1.4.4		Phospholipase D
OADBLABD_01327	CDS	543				hypothetical protein
OADBLABD_01328	CDS	792	lgt	2.5.1.145	COG0682	Phosphatidylglycerol--prolipoprotein diacylglyceryl transferase
OADBLABD_01329	CDS	450	smpB			SsrA-binding protein
OADBLABD_01330	CDS	912				hypothetical protein
OADBLABD_01331	CDS	522				hypothetical protein
OADBLABD_01332	CDS	417				hypothetical protein
OADBLABD_01333	CDS	567	purN	2.1.2.2	COG0299	Phosphoribosylglycinamide formyltransferase
OADBLABD_01334	CDS	1326		3.4.24.-	COG0612	putative zinc protease
OADBLABD_01335	CDS	1332		3.4.24.-	COG0612	putative zinc protease
OADBLABD_01336	CDS	477	lspA	3.4.23.36	COG0597	Lipoprotein signal peptidase
OADBLABD_01337	CDS	933	ribF		COG0196	Bifunctional riboflavin kinase/FMN adenylyltransferase
OADBLABD_01338	CDS	372				hypothetical protein
OADBLABD_01339	CDS	873				hypothetical protein
OADBLABD_01340	CDS	1797	lepA	3.6.5.-	COG0481	Elongation factor 4
OADBLABD_01341	CDS	822				hypothetical protein
OADBLABD_01342	CDS	1377				hypothetical protein
OADBLABD_01343	CDS	693				hypothetical protein
OADBLABD_01344	CDS	816				hypothetical protein
OADBLABD_01345	CDS	1563	guaA	6.3.5.2		GMP synthase [glutamine-hydrolyzing]
OADBLABD_01346	CDS	1461	sctC			Type 3 secretion system secretin
OADBLABD_01347	CDS	597				hypothetical protein
OADBLABD_01348	CDS	711				hypothetical protein
OADBLABD_01349	CDS	849	yqfL	2.7.11.32	COG1806	Putative pyruvate, phosphate dikinase regulatory protein
OADBLABD_01350	CDS	129				hypothetical protein
OADBLABD_01351	CDS	2040	recG	3.6.4.12	COG1200	ATP-dependent DNA helicase RecG
OADBLABD_01352	CDS	1017				hypothetical protein
OADBLABD_01353	CDS	249				hypothetical protein
OADBLABD_01354	CDS	555				hypothetical protein
OADBLABD_01355	CDS	126				hypothetical protein
OADBLABD_01356	CDS	1227	mtaB	2.8.4.5	COG0621	Threonylcarbamoyladenosine tRNA methylthiotransferase MtaB
OADBLABD_01357	CDS	915				hypothetical protein
OADBLABD_01358	CDS	1515	secD		COG0342	Protein translocase subunit SecD
OADBLABD_01359	CDS	375				hypothetical protein
OADBLABD_01360	CDS	879	hemC	2.5.1.61	COG0181	Porphobilinogen deaminase
OADBLABD_01361	CDS	885	murB	1.3.1.98	COG0812	UDP-N-acetylenolpyruvoylglucosamine reductase
OADBLABD_01362	CDS	537				hypothetical protein
OADBLABD_01363	CDS	1185	gltP		COG1301	Proton/glutamate-aspartate symporter
OADBLABD_01364	CDS	591	pyrE	2.4.2.10	COG0461	Orotate phosphoribosyltransferase
OADBLABD_01365	CDS	435				hypothetical protein
OADBLABD_01366	CDS	219				hypothetical protein
OADBLABD_01367	CDS	300				hypothetical protein
OADBLABD_01368	CDS	729				hypothetical protein
OADBLABD_01369	CDS	1956	ligA	6.5.1.2		DNA ligase
OADBLABD_01370	CDS	1194				hypothetical protein
OADBLABD_01371	CDS	3858				hypothetical protein
OADBLABD_01372	CDS	723	ftsQ			Cell division protein FtsQ
OADBLABD_01373	CDS	948	ddlB	6.3.2.4	COG1181	D-alanine--D-alanine ligase B
OADBLABD_01374	CDS	228				hypothetical protein
OADBLABD_01375	CDS	348				hypothetical protein
OADBLABD_01376	CDS	330				hypothetical protein
OADBLABD_01377	CDS	267				hypothetical protein
OADBLABD_01378	CDS	375	fdxA		COG1146	Ferredoxin 1
OADBLABD_01379	CDS	1077				hypothetical protein
OADBLABD_01380	CDS	153				hypothetical protein
OADBLABD_01381	CDS	93				hypothetical protein
OADBLABD_01382	CDS	177				hypothetical protein
OADBLABD_01383	CDS	228				hypothetical protein
OADBLABD_01384	CDS	2652	secA		COG0653	Protein translocase subunit SecA
OADBLABD_01385	CDS	1023				hypothetical protein
OADBLABD_01386	CDS	804				hypothetical protein
OADBLABD_01387	CDS	1161				hypothetical protein
OADBLABD_01388	CDS	1341				hypothetical protein
OADBLABD_01389	CDS	1107	dacC	3.4.16.4	COG1686	D-alanyl-D-alanine carboxypeptidase DacC
OADBLABD_01390	CDS	1278			COG3385	IS4 family transposase ISWpi18
OADBLABD_01391	CDS	240				hypothetical protein
OADBLABD_01392	CDS	330				hypothetical protein
OADBLABD_01393	CDS	348				hypothetical protein
OADBLABD_01394	CDS	417				hypothetical protein
OADBLABD_01395	CDS	165				hypothetical protein
OADBLABD_01396	CDS	7644				hypothetical protein
OADBLABD_01397	CDS	1761				hypothetical protein
OADBLABD_01398	CDS	576				IS481 family transposase ISWpi2
OADBLABD_01399	CDS	132				hypothetical protein
OADBLABD_01400	CDS	315				hypothetical protein
OADBLABD_01401	CDS	252				hypothetical protein
OADBLABD_01402	CDS	711	fucA	4.1.2.17		L-fuculose phosphate aldolase
OADBLABD_01403	CDS	648				hypothetical protein
OADBLABD_01404	CDS	378	dksA			RNA polymerase-binding transcription factor DksA
OADBLABD_01405	CDS	1329			COG3385	IS4 family transposase ISWen1
OADBLABD_01406	CDS	171				hypothetical protein
OADBLABD_01407	CDS	5163				hypothetical protein
OADBLABD_01408	CDS	348				hypothetical protein
OADBLABD_01409	CDS	330				hypothetical protein
OADBLABD_01410	CDS	879				hypothetical protein
OADBLABD_01411	CDS	327				hypothetical protein
OADBLABD_01412	CDS	321				hypothetical protein
OADBLABD_01413	CDS	681				hypothetical protein
OADBLABD_01414	CDS	1032	yhcG_3	3.1.-.-	COG4804	Putative nuclease YhcG
OADBLABD_01415	CDS	216				hypothetical protein
OADBLABD_01416	CDS	735				hypothetical protein
OADBLABD_01417	CDS	1005				hypothetical protein
OADBLABD_01418	CDS	1278				hypothetical protein
OADBLABD_01419	CDS	153				hypothetical protein
OADBLABD_01420	CDS	477				hypothetical protein
OADBLABD_01421	CDS	1221				hypothetical protein
OADBLABD_01422	CDS	456				hypothetical protein
OADBLABD_01423	CDS	1017				hypothetical protein
OADBLABD_01424	CDS	432			COG3385	IS4 family transposase ISWpi18
OADBLABD_01425	CDS	681				hypothetical protein
OADBLABD_01426	CDS	1233				hypothetical protein
OADBLABD_01427	CDS	2082	ccmF		COG1138	Cytochrome c-type biogenesis protein CcmF
OADBLABD_01428	CDS	2532				hypothetical protein
OADBLABD_01429	CDS	2511	mutS		COG0249	DNA mismatch repair protein MutS
OADBLABD_01430	CDS	1377				hypothetical protein
OADBLABD_01431	CDS	1803	aspS	6.1.1.12		Aspartate--tRNA ligase
OADBLABD_01432	CDS	1263	proP_3			Proline/betaine transporter
OADBLABD_01433	CDS	966	rluC	5.4.99.24	COG0564	Ribosomal large subunit pseudouridine synthase C
OADBLABD_01434	CDS	2379				hypothetical protein
OADBLABD_01435	CDS	1287				hypothetical protein
OADBLABD_01436	CDS	1014	prfB		COG1186	Peptide chain release factor RF2
OADBLABD_01437	CDS	1371			COG2239	Magnesium transporter MgtE
OADBLABD_01438	CDS	3525				hypothetical protein
OADBLABD_01439	CDS	177				hypothetical protein
OADBLABD_01440	CDS	330				hypothetical protein
OADBLABD_01441	CDS	348				hypothetical protein
OADBLABD_01442	CDS	270				hypothetical protein
OADBLABD_01443	CDS	435				hypothetical protein
OADBLABD_01444	CDS	1005				hypothetical protein
OADBLABD_01445	CDS	306				hypothetical protein
OADBLABD_01446	CDS	528				hypothetical protein
OADBLABD_01447	CDS	483				hypothetical protein
OADBLABD_01448	CDS	465				hypothetical protein
OADBLABD_01449	CDS	240				hypothetical protein
OADBLABD_01450	CDS	1278				hypothetical protein
OADBLABD_01451	CDS	735				hypothetical protein
